Workbook
Name LocalisationRemorque: 'DB remorque'!$A$1:$O$299
Name PlanningMois: Tableau!$E$2:$AZ$190

Sheet Tableau
B1: 2027 | C1: Emplacement | D1: Axe (out ► in) | E1: Janvier | F1: IN | G1: Janvier | H1: OUT | I1: Février | J1: IN | K1: Février | L1: OUT | M1: Mars | N1: IN | O1: Mars | P1: OUT | Q1: Avril | R1: IN | S1: Avril | T1: OUT | U1: Mai | V1: IN | W1: Mai | X1: OUT | Y1: Juin | Z1: IN | AA1: Juin | AB1: OUT | AC1: Juillet | AD1: IN | AE1: Juillet | AF1: OUT | AG1: Août | AH1: IN | AI1: Août | AJ1: OUT | AK1: Septembre | AL1: IN | AM1: Septembre | AN1: OUT | AO1: Octobre | AP1: IN | AQ1: Octobre | AR1: OUT | AS1: Novembre | AT1: IN | AU1: Novembre | AV1: OUT | AW1: Décembre | AX1: IN | AY1: Décembre | AZ1: OUT | BA1: Plopsa | BB1: Stock | BC1: Carbelle
B2: =VLOOKUP($A2,LocalisationRemorque,2,0) -> Remorque non listée | C2: =VLOOKUP($A2,LocalisationRemorque,3,0) | D2: =CONCATENATE(VLOOKUP($A2,LocalisationRemorque,6,0)," ► ",VLOOKUP($A2,LocalisationRemorque,5,0)) -> ►
A3: 102 | B3: =VLOOKUP($A3,LocalisationRemorque,2,0) -> Nivelles | C3: =VLOOKUP($A3,LocalisationRemorque,3,0) -> Sud Thines | D3: =CONCATENATE(VLOOKUP($A3,LocalisationRemorque,6,0)," ► ",VLOOKUP($A3,LocalisationRemorque,5,0)) -> Nivelles ► Namur | E3: DEMA | F3: OPTION | G3: Usico | H3: Decorex | J3: Cond Salon | S3: DEMA | W3: DEMA | AC3: DEMA | AE3: Decorex | AK3: DEMA | AO3: DEMA | AW3: DEMA
B4: =VLOOKUP($A4,LocalisationRemorque,2,0) -> Remorque non listée | C4: =VLOOKUP($A4,LocalisationRemorque,3,0) | D4: =CONCATENATE(VLOOKUP($A4,LocalisationRemorque,6,0)," ► ",VLOOKUP($A4,LocalisationRemorque,5,0)) -> ►
A5: 104 | B5: =VLOOKUP($A5,LocalisationRemorque,2,0) -> Ottignies | C5: =VLOOKUP($A5,LocalisationRemorque,3,0) -> Clinique | D5: =CONCATENATE(VLOOKUP($A5,LocalisationRemorque,6,0)," ► ",VLOOKUP($A5,LocalisationRemorque,5,0)) -> Rixensart ► Court-Saint-Etienne | E5: JDW | F5: opt | G5: Schmidt cuisines- Wavre | J5: Cond Salon | M5: Schmidt cuisines- Wavre | Y5: Schmidt cuisines- Wavre | AK5: Schmidt cuisines- Wavre | AS5: Schmidt cuisines- Wavre
A6: 105 | B6: =VLOOKUP($A6,LocalisationRemorque,2,0) -> Louvain-la-Neuve | C6: =VLOOKUP($A6,LocalisationRemorque,3,0) -> Corbais | D6: =CONCATENATE(VLOOKUP($A6,LocalisationRemorque,6,0)," ► ",VLOOKUP($A6,LocalisationRemorque,5,0)) -> LLN ► Gembloux | E6: JDW | F6: opt | J6: Cond Salon | AC6: DEMA | AW6: DEMA
A7: 106 | B7: =VLOOKUP($A7,LocalisationRemorque,2,0) -> Wavre | C7: =VLOOKUP($A7,LocalisationRemorque,3,0) -> Grez-Doiceau 1 | D7: =CONCATENATE(VLOOKUP($A7,LocalisationRemorque,6,0)," ► ",VLOOKUP($A7,LocalisationRemorque,5,0)) -> Wavre ► Grez | E7: Schmidt cuisines- Wavre | G7: JDW | H7: opt | M7: Schmidt cuisines- Wavre | Y7: Schmidt cuisines- Wavre | AK7: Schmidt cuisines- Wavre | AS7: Schmidt cuisines- Wavre
A8: 107 | B8: =VLOOKUP($A8,LocalisationRemorque,2,0) -> Wavre | C8: =VLOOKUP($A8,LocalisationRemorque,3,0) -> Grez-Doiceau 2 | D8: =CONCATENATE(VLOOKUP($A8,LocalisationRemorque,6,0)," ► ",VLOOKUP($A8,LocalisationRemorque,5,0)) -> LLN ► Wavre | E8: Schmidt cuisines- Wavre | J8: Cond Salon | M8: Schmidt cuisines- Wavre | Y8: Schmidt cuisines- Wavre | AK8: Schmidt cuisines- Wavre | AS8: Schmidt cuisines- Wavre
A9: 108 | B9: =VLOOKUP($A9,LocalisationRemorque,2,0) -> Wavre | C9: =VLOOKUP($A9,LocalisationRemorque,3,0) -> Grez-Doiceau 3 | D9: =CONCATENATE(VLOOKUP($A9,LocalisationRemorque,6,0)," ► ",VLOOKUP($A9,LocalisationRemorque,5,0)) -> Wavre ► Grez | E9: Schmidt cuisines- Wavre | M9: Schmidt cuisines- Wavre | Y9: Schmidt cuisines- Wavre | AC9: Schmidt cuisines- Wavre | AK9: Schmidt cuisines- Wavre | AS9: Schmidt cuisines- Wavre
A10: 109 | B10: =VLOOKUP($A10,LocalisationRemorque,2,0) -> Jodoigne | C10: =VLOOKUP($A10,LocalisationRemorque,3,0) -> Mélin | D10: =CONCATENATE(VLOOKUP($A10,LocalisationRemorque,6,0)," ► ",VLOOKUP($A10,LocalisationRemorque,5,0)) -> Jodoigne ► Beauvechain | J10: Cond Salon
A11: 110 | B11: =VLOOKUP($A11,LocalisationRemorque,2,0) -> Jodoigne | C11: =VLOOKUP($A11,LocalisationRemorque,3,0) -> Entree Jodoigne | D11: =CONCATENATE(VLOOKUP($A11,LocalisationRemorque,6,0)," ► ",VLOOKUP($A11,LocalisationRemorque,5,0)) -> Jodoigne ► Tirlemont
A12: 111 | B12: =VLOOKUP($A12,LocalisationRemorque,2,0) -> Beauvechain | C12: =VLOOKUP($A12,LocalisationRemorque,3,0) -> Nodebais | D12: =CONCATENATE(VLOOKUP($A12,LocalisationRemorque,6,0)," ► ",VLOOKUP($A12,LocalisationRemorque,5,0)) -> Éghezée ► Hamme | E12: Schmidt cuisines- Wavre | M12: Schmidt cuisines- Wavre | Y12: Schmidt cuisines- Wavre | AC12: Schmidt cuisines- Wavre | AK12: Schmidt cuisines- Wavre | AS12: Schmidt cuisines- Wavre
A13: 112 | B13: =VLOOKUP($A13,LocalisationRemorque,2,0) -> Incourt | C13: =VLOOKUP($A13,LocalisationRemorque,3,0) -> Incourt | D13: =CONCATENATE(VLOOKUP($A13,LocalisationRemorque,6,0)," ► ",VLOOKUP($A13,LocalisationRemorque,5,0)) -> Louvain ► Éghezée
A14: 113 | B14: =VLOOKUP($A14,LocalisationRemorque,2,0) -> Perwez | C14: =VLOOKUP($A14,LocalisationRemorque,3,0) -> Perwez | D14: =CONCATENATE(VLOOKUP($A14,LocalisationRemorque,6,0)," ► ",VLOOKUP($A14,LocalisationRemorque,5,0)) -> Jodoigne ► E411 | J14: Cond Salon
A15: 114 | B15: =VLOOKUP($A15,LocalisationRemorque,2,0) -> Perwez | C15: =VLOOKUP($A15,LocalisationRemorque,3,0) -> Sortie E411 | D15: =CONCATENATE(VLOOKUP($A15,LocalisationRemorque,6,0)," ► ",VLOOKUP($A15,LocalisationRemorque,5,0)) -> E411 ► Jodoigne | E15: JDW | F15: opt
A26: 201 | B26: =VLOOKUP($A26,LocalisationRemorque,2,0) -> Hannut | C26: =VLOOKUP($A26,LocalisationRemorque,3,0) -> Hannut-Saint Trond | D26: =CONCATENATE(VLOOKUP($A26,LocalisationRemorque,6,0)," ► ",VLOOKUP($A26,LocalisationRemorque,5,0)) -> Hannut ► Saint-Trond
A27: 202 | B27: =VLOOKUP($A27,LocalisationRemorque,2,0) -> Hannut | C27: =VLOOKUP($A27,LocalisationRemorque,3,0) -> Braives | D27: =CONCATENATE(VLOOKUP($A27,LocalisationRemorque,6,0)," ► ",VLOOKUP($A27,LocalisationRemorque,5,0)) -> Hannut ► E42
A28: 203 | B28: =VLOOKUP($A28,LocalisationRemorque,2,0) -> Huy | C28: =VLOOKUP($A28,LocalisationRemorque,3,0) -> Wanze | D28: =CONCATENATE(VLOOKUP($A28,LocalisationRemorque,6,0)," ► ",VLOOKUP($A28,LocalisationRemorque,5,0)) -> Éghezée ► E42 | E28: Carbelle | I28: Carbelle | M28: Carbelle | Q28: Carbelle | U28: Carbelle | BA28: Plopsa | BC28: C
A29: 204 | B29: =VLOOKUP($A29,LocalisationRemorque,2,0) -> Huy | C29: =VLOOKUP($A29,LocalisationRemorque,3,0) -> Vinalmont | D29: =CONCATENATE(VLOOKUP($A29,LocalisationRemorque,6,0)," ► ",VLOOKUP($A29,LocalisationRemorque,5,0)) -> Huy ► E42 | E29: Carbelle | I29: Carbelle | M29: Carbelle | Q29: Carbelle | U29: Carbelle | BA29: Plopsa | BC29: C
A30: 205 | B30: =VLOOKUP($A30,LocalisationRemorque,2,0) -> Huy | C30: =VLOOKUP($A30,LocalisationRemorque,3,0) -> Villers-Le-Bouillet | D30: =CONCATENATE(VLOOKUP($A30,LocalisationRemorque,6,0)," ► ",VLOOKUP($A30,LocalisationRemorque,5,0)) -> Huy ► E42 | E30: Carbelle | I30: Carbelle | M30: Carbelle | Q30: Carbelle | U30: Carbelle | BA30: Plopsa | BC30: C
A31: 206 | B31: =VLOOKUP($A31,LocalisationRemorque,2,0) -> Huy | C31: =VLOOKUP($A31,LocalisationRemorque,3,0) -> Ombret | D31: =CONCATENATE(VLOOKUP($A31,LocalisationRemorque,6,0)," ► ",VLOOKUP($A31,LocalisationRemorque,5,0)) -> Seraing ► Huy | E31: Carbelle | I31: Carbelle | M31: Carbelle | Q31: Carbelle | U31: Carbelle | BA31: Plopsa | BC31: C
A32: 207 | B32: =VLOOKUP($A32,LocalisationRemorque,2,0) -> Huy | C32: =VLOOKUP($A32,LocalisationRemorque,3,0) -> Solière | D32: =CONCATENATE(VLOOKUP($A32,LocalisationRemorque,6,0)," ► ",VLOOKUP($A32,LocalisationRemorque,5,0)) -> Ohey ► Huy | E32: Carbelle | I32: Carbelle | M32: Carbelle | Q32: Carbelle | U32: Carbelle | BA32: Plopsa | BC32: C
A33: 208 | B33: =VLOOKUP($A33,LocalisationRemorque,2,0) -> Huy | C33: =VLOOKUP($A33,LocalisationRemorque,3,0) -> Tihange | D33: =CONCATENATE(VLOOKUP($A33,LocalisationRemorque,6,0)," ► ",VLOOKUP($A33,LocalisationRemorque,5,0)) -> Hamoir ► Huy | E33: Carbelle | I33: Carbelle | M33: Carbelle | Q33: Carbelle | U33: Carbelle | BA33: Plopsa | BC33: C
A34: 209 | B34: =VLOOKUP($A34,LocalisationRemorque,2,0) -> Huy | C34: =VLOOKUP($A34,LocalisationRemorque,3,0) -> Pont de bonne | D34: =CONCATENATE(VLOOKUP($A34,LocalisationRemorque,6,0)," ► ",VLOOKUP($A34,LocalisationRemorque,5,0)) -> Havelange ► Huy | E34: Carbelle | I34: Carbelle | M34: Carbelle | Q34: Carbelle | U34: Carbelle | BA34: Plopsa | BC34: C
A35: 210 | B35: =VLOOKUP($A35,LocalisationRemorque,2,0) -> Huy | C35: =VLOOKUP($A35,LocalisationRemorque,3,0) -> Nandrin | D35: =CONCATENATE(VLOOKUP($A35,LocalisationRemorque,6,0)," ► ",VLOOKUP($A35,LocalisationRemorque,5,0)) -> Marche-en-Famenne ► Liege | E35: Carbelle | I35: Carbelle | M35: Carbelle | Q35: Carbelle | U35: Carbelle | AC35: Grottes de Han | AG35: Grottes de Han | AO35: Grottes de Han | BA35: Plopsa | BC35: C
A36: 211 | B36: =VLOOKUP($A36,LocalisationRemorque,2,0) -> Huy | C36: =VLOOKUP($A36,LocalisationRemorque,3,0) -> Soheit-Tinlot | D36: =CONCATENATE(VLOOKUP($A36,LocalisationRemorque,6,0)," ► ",VLOOKUP($A36,LocalisationRemorque,5,0)) -> Marche-en-Famenne ► Liege | E36: Carbelle | I36: Carbelle | M36: Carbelle | Q36: Carbelle | U36: Carbelle | BA36: Plopsa | BC36: C
A37: 212 | B37: =VLOOKUP($A37,LocalisationRemorque,2,0) -> Flemalle | C37: =VLOOKUP($A37,LocalisationRemorque,3,0) -> Pont dYvoz-Ramet | D37: =CONCATENATE(VLOOKUP($A37,LocalisationRemorque,6,0)," ► ",VLOOKUP($A37,LocalisationRemorque,5,0)) -> Liège ► Huy
A38: 213 | B38: =VLOOKUP($A38,LocalisationRemorque,2,0) -> Fexhe-le-Haut-Clocher | C38: =VLOOKUP($A38,LocalisationRemorque,3,0) -> Simonis | D38: =CONCATENATE(VLOOKUP($A38,LocalisationRemorque,6,0)," ► ",VLOOKUP($A38,LocalisationRemorque,5,0)) -> Waremme ► Bierset
A39: 214 | B39: =VLOOKUP($A39,LocalisationRemorque,2,0) -> Fexhe-le-Haut-Clocher | C39: =VLOOKUP($A39,LocalisationRemorque,3,0) -> Château d'eau Jeneffe | D39: =CONCATENATE(VLOOKUP($A39,LocalisationRemorque,6,0)," ► ",VLOOKUP($A39,LocalisationRemorque,5,0)) -> Tongres ► Amay
A40: 215 | B40: =VLOOKUP($A40,LocalisationRemorque,2,0) -> Fexhe-le-Haut-Clocher | C40: =VLOOKUP($A40,LocalisationRemorque,3,0) -> Noville | D40: =CONCATENATE(VLOOKUP($A40,LocalisationRemorque,6,0)," ► ",VLOOKUP($A40,LocalisationRemorque,5,0)) -> Amay ► E40
A41: 216 | B41: =VLOOKUP($A41,LocalisationRemorque,2,0) -> Waremme | C41: =VLOOKUP($A41,LocalisationRemorque,3,0) -> Waremme 1 | D41: =CONCATENATE(VLOOKUP($A41,LocalisationRemorque,6,0)," ► ",VLOOKUP($A41,LocalisationRemorque,5,0)) -> Huy ► Waremme
A42: 227 | B42: =VLOOKUP($A42,LocalisationRemorque,2,0) -> Waremme | C42: =VLOOKUP($A42,LocalisationRemorque,3,0) -> Waremme 2 | D42: =CONCATENATE(VLOOKUP($A42,LocalisationRemorque,6,0)," ► ",VLOOKUP($A42,LocalisationRemorque,5,0)) -> Huy ► Waremme
A43: 217 | B43: =VLOOKUP($A43,LocalisationRemorque,2,0) -> Viemme | C43: =VLOOKUP($A43,LocalisationRemorque,3,0) -> Viemme Rond-Point | D43: =CONCATENATE(VLOOKUP($A43,LocalisationRemorque,6,0)," ► ",VLOOKUP($A43,LocalisationRemorque,5,0)) -> Waremme ► Huy
A44: 218 | B44: =VLOOKUP($A44,LocalisationRemorque,2,0) -> Oreye | C44: =VLOOKUP($A44,LocalisationRemorque,3,0) -> Carrefour Otrange/Vechmaal | D44: =CONCATENATE(VLOOKUP($A44,LocalisationRemorque,6,0)," ► ",VLOOKUP($A44,LocalisationRemorque,5,0)) -> Oreye ► Veechmaal
B45: =VLOOKUP($A45,LocalisationRemorque,2,0) -> Remorque non listée | C45: =VLOOKUP($A45,LocalisationRemorque,3,0) | D45: =CONCATENATE(VLOOKUP($A45,LocalisationRemorque,6,0)," ► ",VLOOKUP($A45,LocalisationRemorque,5,0)) -> ►
A46: 220 | B46: =VLOOKUP($A46,LocalisationRemorque,2,0) -> Theux | C46: =VLOOKUP($A46,LocalisationRemorque,3,0) -> Hautregard Haut | D46: =CONCATENATE(VLOOKUP($A46,LocalisationRemorque,6,0)," ► ",VLOOKUP($A46,LocalisationRemorque,5,0)) -> Aywaille ► Theux | BA46: Plopsa
A47: 221 | B47: =VLOOKUP($A47,LocalisationRemorque,2,0) -> Theux | C47: =VLOOKUP($A47,LocalisationRemorque,3,0) -> Hautregard Bas | D47: =CONCATENATE(VLOOKUP($A47,LocalisationRemorque,6,0)," ► ",VLOOKUP($A47,LocalisationRemorque,5,0)) -> Aywaille ► Spa | BA47: Plopsa
A48: 226 | B48: =VLOOKUP($A48,LocalisationRemorque,2,0) -> Theux | C48: =VLOOKUP($A48,LocalisationRemorque,3,0) -> La Reid | D48: =CONCATENATE(VLOOKUP($A48,LocalisationRemorque,6,0)," ► ",VLOOKUP($A48,LocalisationRemorque,5,0)) -> Aywaille ► Spa | BA48: Plopsa
A49: 222 | B49: =VLOOKUP($A49,LocalisationRemorque,2,0) -> Sprimont | C49: =VLOOKUP($A49,LocalisationRemorque,3,0) -> Sprimont - Theux | D49: =CONCATENATE(VLOOKUP($A49,LocalisationRemorque,6,0)," ► ",VLOOKUP($A49,LocalisationRemorque,5,0)) -> Sprimont ► Theux | BA49: Plopsa
A50: 224 | B50: =VLOOKUP($A50,LocalisationRemorque,2,0) -> Crisnee | C50: =VLOOKUP($A50,LocalisationRemorque,3,0) -> Station Ledouble | D50: =CONCATENATE(VLOOKUP($A50,LocalisationRemorque,6,0)," ► ",VLOOKUP($A50,LocalisationRemorque,5,0)) -> Saint-Trond ► Liege | BA50: Plopsa
A51: 223 | B51: =VLOOKUP($A51,LocalisationRemorque,2,0) -> Clavier | C51: =VLOOKUP($A51,LocalisationRemorque,3,0) -> Bois-et-Borsu | D51: =CONCATENATE(VLOOKUP($A51,LocalisationRemorque,6,0)," ► ",VLOOKUP($A51,LocalisationRemorque,5,0)) -> Marche-en-Famenne ► Liège
A52: 225 | B52: =VLOOKUP($A52,LocalisationRemorque,2,0) -> Clavier | C52: =VLOOKUP($A52,LocalisationRemorque,3,0) -> Bois-et-Borsu | D52: =CONCATENATE(VLOOKUP($A52,LocalisationRemorque,6,0)," ► ",VLOOKUP($A52,LocalisationRemorque,5,0)) -> Liège ► Marche-en-Famenne | F52: Batimoi | Q52: DEMA | Y52: DEMA | AC52: DEMA | AK52: DEMA | AS52: DEMA | AW52: DEMA | BA52: Plopsa
A53: 230 | B53: =VLOOKUP($A53,LocalisationRemorque,2,0) -> Stavelot | C53: =VLOOKUP($A53,LocalisationRemorque,3,0) -> Stavelot | D53: =CONCATENATE(VLOOKUP($A53,LocalisationRemorque,6,0)," ► ",VLOOKUP($A53,LocalisationRemorque,5,0)) -> Malmedy ► Trois-Pont | S53: DEMA | W53: DEMA | AA53: DEMA | AC53: Grottes de Han | AG53: Grottes de Han | AO53: Grottes de Han | AS53: DEMA | AW53: DEMA | BA53: Plopsa
A54: 231 | B54: =VLOOKUP($A54,LocalisationRemorque,2,0) -> Aywaille | C54: =VLOOKUP($A54,LocalisationRemorque,3,0) -> Houssonloge | D54: =CONCATENATE(VLOOKUP($A54,LocalisationRemorque,6,0)," ► ",VLOOKUP($A54,LocalisationRemorque,5,0)) -> Stoumont ► Aywaille
A65: 301 | B65: =VLOOKUP($A65,LocalisationRemorque,2,0) -> Andenne | C65: =VLOOKUP($A65,LocalisationRemorque,3,0) -> Sclayn pas de garage | D65: =CONCATENATE(VLOOKUP($A65,LocalisationRemorque,6,0)," ► ",VLOOKUP($A65,LocalisationRemorque,5,0)) -> Andenne ► Namur | E65: Carbelle | I65: Carbelle | M65: Carbelle | Q65: Carbelle | U65: Carbelle | BA65: Plopsa | BC65: C
B66: =VLOOKUP($A66,LocalisationRemorque,2,0) -> Remorque non listée | C66: =VLOOKUP($A66,LocalisationRemorque,3,0) | D66: =CONCATENATE(VLOOKUP($A66,LocalisationRemorque,6,0)," ► ",VLOOKUP($A66,LocalisationRemorque,5,0)) -> ► | I66: Carbelle
A67: 303 | B67: =VLOOKUP($A67,LocalisationRemorque,2,0) -> Andenne | C67: =VLOOKUP($A67,LocalisationRemorque,3,0) -> Haute Bise | D67: =CONCATENATE(VLOOKUP($A67,LocalisationRemorque,6,0)," ► ",VLOOKUP($A67,LocalisationRemorque,5,0)) -> Andenne ► Ciney | E67: Carbelle | I67: Carbelle | M67: Carbelle | Q67: Carbelle | U67: Carbelle | BA67: Plopsa | BB67: stock | BC67: C
A68: 304 | B68: =VLOOKUP($A68,LocalisationRemorque,2,0) -> Andenne | C68: =VLOOKUP($A68,LocalisationRemorque,3,0) -> Ohey | D68: =CONCATENATE(VLOOKUP($A68,LocalisationRemorque,6,0)," ► ",VLOOKUP($A68,LocalisationRemorque,5,0)) -> Ciney ► Andenne | E68: Carbelle | H68: Batimoi | I68: Carbelle | M68: Carbelle | Q68: Carbelle | U68: Carbelle | BA68: Plopsa | BB68: stock | BC68: C
A69: 305 | B69: =VLOOKUP($A69,LocalisationRemorque,2,0) -> Andenne | C69: =VLOOKUP($A69,LocalisationRemorque,3,0) -> Bierwart | D69: =CONCATENATE(VLOOKUP($A69,LocalisationRemorque,6,0)," ► ",VLOOKUP($A69,LocalisationRemorque,5,0)) -> Hannut ► Fernelmont | BA69: Plopsa
A70: 306 | B70: =VLOOKUP($A70,LocalisationRemorque,2,0) -> Beauraing | C70: =VLOOKUP($A70,LocalisationRemorque,3,0) -> Focant | D70: =CONCATENATE(VLOOKUP($A70,LocalisationRemorque,6,0)," ► ",VLOOKUP($A70,LocalisationRemorque,5,0)) -> Beauraing ► Rochefort | BA70: Plopsa
A71: 307 | B71: =VLOOKUP($A71,LocalisationRemorque,2,0) -> Hamois | C71: =VLOOKUP($A71,LocalisationRemorque,3,0) -> Hamois | D71: =CONCATENATE(VLOOKUP($A71,LocalisationRemorque,6,0)," ► ",VLOOKUP($A71,LocalisationRemorque,5,0)) -> Ciney ► Havelange | F71: Batimoi | AE71: DPS | BA71: Plopsa | BB71: stock
A72: 367 | B72: =VLOOKUP($A72,LocalisationRemorque,2,0) -> Hamois | C72: =VLOOKUP($A72,LocalisationRemorque,3,0) -> Hamois 2 | D72: =CONCATENATE(VLOOKUP($A72,LocalisationRemorque,6,0)," ► ",VLOOKUP($A72,LocalisationRemorque,5,0)) -> Havelange ► Ciney | AW72: DPS | BA72: Plopsa | BB72: stock
A73: 308 | B73: =VLOOKUP($A73,LocalisationRemorque,2,0) -> Ciney | C73: =VLOOKUP($A73,LocalisationRemorque,3,0) -> Barcène | D73: =CONCATENATE(VLOOKUP($A73,LocalisationRemorque,6,0)," ► ",VLOOKUP($A73,LocalisationRemorque,5,0)) -> Rochefort ► Ciney | BA73: Plopsa
A74: 319 | B74: =VLOOKUP($A74,LocalisationRemorque,2,0) -> Ciney | C74: =VLOOKUP($A74,LocalisationRemorque,3,0) -> Lienne Haut | D74: =CONCATENATE(VLOOKUP($A74,LocalisationRemorque,6,0)," ► ",VLOOKUP($A74,LocalisationRemorque,5,0)) -> Ciney ► Andenne | BA74: Plopsa
A75: 309 | B75: =VLOOKUP($A75,LocalisationRemorque,2,0) -> Ciney | C75: =VLOOKUP($A75,LocalisationRemorque,3,0) -> Lienne Bas | D75: =CONCATENATE(VLOOKUP($A75,LocalisationRemorque,6,0)," ► ",VLOOKUP($A75,LocalisationRemorque,5,0)) -> Andenne ► Ciney Centre | BA75: Plopsa
A76: 310 | B76: =VLOOKUP($A76,LocalisationRemorque,2,0) -> Ciney | C76: =VLOOKUP($A76,LocalisationRemorque,3,0) -> Biron Bas | D76: =CONCATENATE(VLOOKUP($A76,LocalisationRemorque,6,0)," ► ",VLOOKUP($A76,LocalisationRemorque,5,0)) -> Ciney ► N4 | AM76: DPS | BA76: Plopsa
A77: 311 | B77: =VLOOKUP($A77,LocalisationRemorque,2,0) -> Ciney | C77: =VLOOKUP($A77,LocalisationRemorque,3,0) -> N4 Sanseau | D77: =CONCATENATE(VLOOKUP($A77,LocalisationRemorque,6,0)," ► ",VLOOKUP($A77,LocalisationRemorque,5,0)) -> Namur ► Marche-en-Famenne | F77: Batimoi | Q77: DPS | Y77: DPS | AS77: DPS | BA77: Plopsa
A78: 312 | B78: =VLOOKUP($A78,LocalisationRemorque,2,0) -> Dinant | C78: =VLOOKUP($A78,LocalisationRemorque,3,0) -> Sorinnes Achêne | D78: =CONCATENATE(VLOOKUP($A78,LocalisationRemorque,6,0)," ► ",VLOOKUP($A78,LocalisationRemorque,5,0)) -> Dinant ► Ciney | BA78: Plopsa | BB78: stock
A79: 313 | B79: =VLOOKUP($A79,LocalisationRemorque,2,0) -> Dinant | C79: =VLOOKUP($A79,LocalisationRemorque,3,0) -> Sorinnes Hopital | D79: =CONCATENATE(VLOOKUP($A79,LocalisationRemorque,6,0)," ► ",VLOOKUP($A79,LocalisationRemorque,5,0)) -> Ciney ► Dinant | F79: Batimoi | BA79: Plopsa | BB79: stock
A80: 314 | B80: =VLOOKUP($A80,LocalisationRemorque,2,0) -> Dinant | C80: =VLOOKUP($A80,LocalisationRemorque,3,0) -> Sorinnes Hopital 2 | D80: =CONCATENATE(VLOOKUP($A80,LocalisationRemorque,6,0)," ► ",VLOOKUP($A80,LocalisationRemorque,5,0)) -> Ciney ► Dinant | BA80: Plopsa | BB80: stock
A81: 315 | B81: =VLOOKUP($A81,LocalisationRemorque,2,0) -> Dinant | C81: =VLOOKUP($A81,LocalisationRemorque,3,0) -> Anhée | D81: =CONCATENATE(VLOOKUP($A81,LocalisationRemorque,6,0)," ► ",VLOOKUP($A81,LocalisationRemorque,5,0)) -> Namur ► Dinant | BA81: Plopsa
A82: 316 | B82: =VLOOKUP($A82,LocalisationRemorque,2,0) -> Dinant | C82: =VLOOKUP($A82,LocalisationRemorque,3,0) -> Falmignoul | D82: =CONCATENATE(VLOOKUP($A82,LocalisationRemorque,6,0)," ► ",VLOOKUP($A82,LocalisationRemorque,5,0)) -> Dinant ► Beauraing | BA82: Plopsa
A83: 317 | B83: =VLOOKUP($A83,LocalisationRemorque,2,0) -> Dinant | C83: =VLOOKUP($A83,LocalisationRemorque,3,0) -> Anthée | D83: =CONCATENATE(VLOOKUP($A83,LocalisationRemorque,6,0)," ► ",VLOOKUP($A83,LocalisationRemorque,5,0)) -> Dinant ► Philippeville | BA83: Plopsa
A84: 318 | B84: =VLOOKUP($A84,LocalisationRemorque,2,0) -> Eghezée | C84: =VLOOKUP($A84,LocalisationRemorque,3,0) -> Eghezée | D84: =CONCATENATE(VLOOKUP($A84,LocalisationRemorque,6,0)," ► ",VLOOKUP($A84,LocalisationRemorque,5,0)) -> Éghezée ► Andenne
A85: 320 | B85: =VLOOKUP($A85,LocalisationRemorque,2,0) -> Eghezée | C85: =VLOOKUP($A85,LocalisationRemorque,3,0) -> Eghezée | D85: =CONCATENATE(VLOOKUP($A85,LocalisationRemorque,6,0)," ► ",VLOOKUP($A85,LocalisationRemorque,5,0)) -> Namur ► Eghezee
A86: 321 | B86: =VLOOKUP($A86,LocalisationRemorque,2,0) -> Eghezée | C86: =VLOOKUP($A86,LocalisationRemorque,3,0) -> Longchamps N912 | D86: =CONCATENATE(VLOOKUP($A86,LocalisationRemorque,6,0)," ► ",VLOOKUP($A86,LocalisationRemorque,5,0)) -> Éghezée ► E411
B87: =VLOOKUP($A87,LocalisationRemorque,2,0) -> Remorque non listée | C87: =VLOOKUP($A87,LocalisationRemorque,3,0) | D87: =CONCATENATE(VLOOKUP($A87,LocalisationRemorque,6,0)," ► ",VLOOKUP($A87,LocalisationRemorque,5,0)) -> ►
A88: 323 | B88: =VLOOKUP($A88,LocalisationRemorque,2,0) -> Gembloux | C88: =VLOOKUP($A88,LocalisationRemorque,3,0) -> Sauvenière 2 | D88: =CONCATENATE(VLOOKUP($A88,LocalisationRemorque,6,0)," ► ",VLOOKUP($A88,LocalisationRemorque,5,0)) -> E411 ► Gembloux | BA88: Plopsa
A89: 324 | B89: =VLOOKUP($A89,LocalisationRemorque,2,0) -> Gembloux | C89: =VLOOKUP($A89,LocalisationRemorque,3,0) -> Meux | D89: =CONCATENATE(VLOOKUP($A89,LocalisationRemorque,6,0)," ► ",VLOOKUP($A89,LocalisationRemorque,5,0)) -> Gembloux ► E411 | J89: Cond Salon | BA89: Plopsa
A90: 325 | B90: =VLOOKUP($A90,LocalisationRemorque,2,0) -> Gembloux | C90: =VLOOKUP($A90,LocalisationRemorque,3,0) -> Corroy-le-Château | D90: =CONCATENATE(VLOOKUP($A90,LocalisationRemorque,6,0)," ► ",VLOOKUP($A90,LocalisationRemorque,5,0)) -> Charleroi ► Gembloux | E90: JDW | F90: opt | G90: DEMA | H90: OPTION | W90: DEMA | AE90: DEMA | AM90: DEMA | AQ90: DEMA | AY90: DEMA | BA90: Plopsa
A91: 326 | B91: =VLOOKUP($A91,LocalisationRemorque,2,0) -> Gembloux | C91: =VLOOKUP($A91,LocalisationRemorque,3,0) -> Carrefour Didi - Les Isnes | D91: =CONCATENATE(VLOOKUP($A91,LocalisationRemorque,6,0)," ► ",VLOOKUP($A91,LocalisationRemorque,5,0)) -> E42 ► Eghezée | BA91: Plopsa
A92: 327 | B92: =VLOOKUP($A92,LocalisationRemorque,2,0) -> Gembloux | C92: =VLOOKUP($A92,LocalisationRemorque,3,0) -> Carrefour Didi - Gembloux | D92: =CONCATENATE(VLOOKUP($A92,LocalisationRemorque,6,0)," ► ",VLOOKUP($A92,LocalisationRemorque,5,0)) -> Gembloux ► Namur | AC92: Grottes de Han | AG92: Grottes de Han | AO92: Grottes de Han | BA92: Plopsa
A93: 328 | B93: =VLOOKUP($A93,LocalisationRemorque,2,0) -> Gembloux | C93: =VLOOKUP($A93,LocalisationRemorque,3,0) -> Sauvenière | D93: =CONCATENATE(VLOOKUP($A93,LocalisationRemorque,6,0)," ► ",VLOOKUP($A93,LocalisationRemorque,5,0)) -> Gembloux ► E411 | E93: Hanse Meubles | F93: OPTION | AO93: DPS | BA93: Plopsa
A94: 329 | B94: =VLOOKUP($A94,LocalisationRemorque,2,0) -> Gembloux | C94: =VLOOKUP($A94,LocalisationRemorque,3,0) -> Ernage/Walhain | D94: =CONCATENATE(VLOOKUP($A94,LocalisationRemorque,6,0)," ► ",VLOOKUP($A94,LocalisationRemorque,5,0)) -> Gembloux ► LLN | E94: DEMA | Q94: DEMA | AE94: DEMA | AS94: DEMA | AW94: DEMA
A95: 330 | B95: =VLOOKUP($A95,LocalisationRemorque,2,0) -> Namur | C95: =VLOOKUP($A95,LocalisationRemorque,3,0) -> Waret-La-Chée - Leuze | D95: =CONCATENATE(VLOOKUP($A95,LocalisationRemorque,6,0)," ► ",VLOOKUP($A95,LocalisationRemorque,5,0)) -> E411 (Champion) ► Eghezee | G95: DEMA | W95: DEMA | AA95: DEMA | AE95: DEMA | AM95: DEMA
A96: 331 | B96: =VLOOKUP($A96,LocalisationRemorque,2,0) -> Namur | C96: =VLOOKUP($A96,LocalisationRemorque,3,0) -> Bouge | D96: =CONCATENATE(VLOOKUP($A96,LocalisationRemorque,6,0)," ► ",VLOOKUP($A96,LocalisationRemorque,5,0)) -> Namur ► Hannut | E96: DEMA | G96: Carbelle | I96: Carbelle | M96: Carbelle | Q96: Carbelle | U96: Carbelle | W96: DEMA | AC96: DEMA | AM96: DEMA | BC96: C
A97: 332 | B97: =VLOOKUP($A97,LocalisationRemorque,2,0) -> Namur | C97: =VLOOKUP($A97,LocalisationRemorque,3,0) -> Flawinne | D97: =CONCATENATE(VLOOKUP($A97,LocalisationRemorque,6,0)," ► ",VLOOKUP($A97,LocalisationRemorque,5,0)) -> Floreffe ► Namur | E97: Carbelle | I97: Carbelle | M97: Carbelle | Q97: Carbelle | U97: Carbelle | AG97: Immo Toma | BC97: C
A98: 333 | B98: =VLOOKUP($A98,LocalisationRemorque,2,0) -> Namur | C98: =VLOOKUP($A98,LocalisationRemorque,3,0) -> Malonne - Tonton Tapis | D98: =CONCATENATE(VLOOKUP($A98,LocalisationRemorque,6,0)," ► ",VLOOKUP($A98,LocalisationRemorque,5,0)) -> Namur ► Floreffe | G98: DEMA | Q98: Immo Toma | S98: DEMA | AA98: DEMA | AE98: DEMA | AK98: Immo Toma
A99: 334 | B99: =VLOOKUP($A99,LocalisationRemorque,2,0) -> Namur | C99: =VLOOKUP($A99,LocalisationRemorque,3,0) -> Rhisnes | D99: =CONCATENATE(VLOOKUP($A99,LocalisationRemorque,6,0)," ► ",VLOOKUP($A99,LocalisationRemorque,5,0)) -> Gembloux ► Namur | G99: Bloqué | K99: Bloqué | O99: Bloqué | S99: Bloqué | W99: Bloqué | Y99: Immmo Toma | AA99: Bloqué | AE99: Bloqué | AI99: Bloqué | AM99: Bloqué | AQ99: Bloqué | AU99: Bloqué | AY99: Bloqué
A100: 335 | B100: =VLOOKUP($A100,LocalisationRemorque,2,0) -> Namur | C100: =VLOOKUP($A100,LocalisationRemorque,3,0) -> Temploux | D100: =CONCATENATE(VLOOKUP($A100,LocalisationRemorque,6,0)," ► ",VLOOKUP($A100,LocalisationRemorque,5,0)) -> Nivelles ► Namur | E100: DEMA | G100: Carbelle | I100: Carbelle | M100: Carbelle | Q100: Carbelle | U100: Carbelle / DEMA | AC100: DEMA | BC100: C
A101: 336 | B101: =VLOOKUP($A101,LocalisationRemorque,2,0) -> Namur | C101: =VLOOKUP($A101,LocalisationRemorque,3,0) -> Bois de villers | D101: =CONCATENATE(VLOOKUP($A101,LocalisationRemorque,6,0)," ► ",VLOOKUP($A101,LocalisationRemorque,5,0)) -> Floreffe ► Bois de Villers | M101: Immo Toma | U101: Immo Toma
A102: 337 | B102: =VLOOKUP($A102,LocalisationRemorque,2,0) -> Namur | C102: =VLOOKUP($A102,LocalisationRemorque,3,0) -> Wépion Criée | D102: =CONCATENATE(VLOOKUP($A102,LocalisationRemorque,6,0)," ► ",VLOOKUP($A102,LocalisationRemorque,5,0)) -> Bois de Villers ► Wépion | E102: Immo Toma | G102: Carbelle | J102: Cond Salon | K102: Carbelle | M102: Carbelle | Q102: Carbelle | U102: Carbelle | AC102: Immo Toma | BC102: C
A103: 338 | B103: =VLOOKUP($A103,LocalisationRemorque,2,0) -> Namur | C103: =VLOOKUP($A103,LocalisationRemorque,3,0) -> Floriffoux | D103: =CONCATENATE(VLOOKUP($A103,LocalisationRemorque,6,0)," ► ",VLOOKUP($A103,LocalisationRemorque,5,0)) -> Suarlée ► Floreffe | I103: Immo Toma | Y103: Immo Toma | AK103: Immo Toma
A104: 339 | B104: =VLOOKUP($A104,LocalisationRemorque,2,0) -> Namur | C104: =VLOOKUP($A104,LocalisationRemorque,3,0) -> Fosses la Ville | D104: =CONCATENATE(VLOOKUP($A104,LocalisationRemorque,6,0)," ► ",VLOOKUP($A104,LocalisationRemorque,5,0)) -> Floreffe ► Fosses | M104: Immo Toma | AC104: Immo Toma | AK104: Immo Toma
A105: 340 | B105: =VLOOKUP($A105,LocalisationRemorque,2,0) -> Namur | C105: =VLOOKUP($A105,LocalisationRemorque,3,0) -> Naninne | D105: =CONCATENATE(VLOOKUP($A105,LocalisationRemorque,6,0)," ► ",VLOOKUP($A105,LocalisationRemorque,5,0)) -> Namur ► Ciney | E105: DPS | I105: Carbelle | M105: Carbelle | Q105: Carbelle | U105: Carbelle | AO105: DPS | BC105: C
A106: 341 | B106: =VLOOKUP($A106,LocalisationRemorque,2,0) -> Namur | C106: =VLOOKUP($A106,LocalisationRemorque,3,0) -> Courrière | D106: =CONCATENATE(VLOOKUP($A106,LocalisationRemorque,6,0)," ► ",VLOOKUP($A106,LocalisationRemorque,5,0)) -> Namur ► Ciney | F106: Batimoi | I106: Carbelle | M106: Carbelle | Q106: Carbelle | U106: Carbelle | AC106: DPS | AO106: DPS | AW106: DPS | BB106: stock | BC106: C
A107: 365 | B107: =VLOOKUP($A107,LocalisationRemorque,2,0) -> Namur | C107: =VLOOKUP($A107,LocalisationRemorque,3,0) -> Courrière 2 | D107: =CONCATENATE(VLOOKUP($A107,LocalisationRemorque,6,0)," ► ",VLOOKUP($A107,LocalisationRemorque,5,0)) -> Namur ► Ciney | G107: Carbelle | AG107: DPS | BB107: stock | BC107: C
A108: 342 | B108: =VLOOKUP($A108,LocalisationRemorque,2,0) -> Namur | C108: =VLOOKUP($A108,LocalisationRemorque,3,0) -> Arville/Sart Bernard | D108: =CONCATENATE(VLOOKUP($A108,LocalisationRemorque,6,0)," ► ",VLOOKUP($A108,LocalisationRemorque,5,0)) -> Ciney ► Namur | E108: Carbelle | I108: Carbelle | M108: Carbelle | O108: DPS | Q108: Carbelle | U108: Carbelle | Y108: Concours Arville | AC108: Concours Arville | AI108: DPS | BC108: C
A109: 343 | B109: =VLOOKUP($A109,LocalisationRemorque,2,0) -> Namur | C109: =VLOOKUP($A109,LocalisationRemorque,3,0) -> Wierde | D109: =CONCATENATE(VLOOKUP($A109,LocalisationRemorque,6,0)," ► ",VLOOKUP($A109,LocalisationRemorque,5,0)) -> Naninne ► E411 | E109: DPS | I109: DPS | M109: Carbelle | O109: Urbaine | Q109: Carbelle / Urbaine | U109: Carbelle | Y109: Concours Arville | AA109: Concours Arville | AC109: Concours Arville | AG109: Immo Toma | AO109: Optic & vous | AS109: DPS | AU109: Optic & vous | BC109: C
A110: 344 | B110: =VLOOKUP($A110,LocalisationRemorque,2,0) -> Namur | C110: =VLOOKUP($A110,LocalisationRemorque,3,0) -> Wierde 2 | D110: =CONCATENATE(VLOOKUP($A110,LocalisationRemorque,6,0)," ► ",VLOOKUP($A110,LocalisationRemorque,5,0)) -> Naninne ► E411 | E110: Immo Toma | G110: Usico | J110: Cond Salon | M110: Immo Toma | O110: Optic & vous | Q110: Optic & vous | U110: Immo Toma | AE110: Usico | AO110: Urbaine | AU110: Urbaine | BC110: C
A111: 363 | B111: =VLOOKUP($A111,LocalisationRemorque,2,0) -> Namur | C111: =VLOOKUP($A111,LocalisationRemorque,3,0) -> Erpent | D111: =CONCATENATE(VLOOKUP($A111,LocalisationRemorque,6,0)," ► ",VLOOKUP($A111,LocalisationRemorque,5,0)) -> Marche-en-Famenne ► Namur | E111: DPS | K111: DPS | Q111: Carbelle | U111: DEMA | W111: DPS | AA111: DEMA | AC111: Grottes de Han | AE111: DPS | AG111: Grottes de Han | AM111: DPS | AO111: Grottes de Han | AS111: DEMA | AW111: DEMA | AY111: DPS | BB111: stock
A112: 345 | B112: =VLOOKUP($A112,LocalisationRemorque,2,0) -> Philippeville | C112: =VLOOKUP($A112,LocalisationRemorque,3,0) -> Philippeville | D112: =CONCATENATE(VLOOKUP($A112,LocalisationRemorque,6,0)," ► ",VLOOKUP($A112,LocalisationRemorque,5,0)) -> Philippeville ► Dinant
A113: 346 | B113: =VLOOKUP($A113,LocalisationRemorque,2,0) -> Mettet | C113: =VLOOKUP($A113,LocalisationRemorque,3,0) -> Rond point circuit | D113: =CONCATENATE(VLOOKUP($A113,LocalisationRemorque,6,0)," ► ",VLOOKUP($A113,LocalisationRemorque,5,0)) -> Annevoie ► Circuit | E113: Immo Toma | Q113: Immo Toma | AC113: Immo Toma | AK113: Immo Toma
A114: 359 | B114: =VLOOKUP($A114,LocalisationRemorque,2,0) -> Florenne | C114: =VLOOKUP($A114,LocalisationRemorque,3,0) -> Mettet | D114: =CONCATENATE(VLOOKUP($A114,LocalisationRemorque,6,0)," ► ",VLOOKUP($A114,LocalisationRemorque,5,0)) -> Mettet ► Florennes
A115: 360 | B115: =VLOOKUP($A115,LocalisationRemorque,2,0) -> Neuville | C115: =VLOOKUP($A115,LocalisationRemorque,3,0) -> Philippeville-Couvin | D115: =CONCATENATE(VLOOKUP($A115,LocalisationRemorque,6,0)," ► ",VLOOKUP($A115,LocalisationRemorque,5,0)) -> Philippeville ► Couvin | Q115: DEMA | AK115: DEMA
A116: 361 | B116: =VLOOKUP($A116,LocalisationRemorque,2,0) -> Lacs de l'Eau d'Heure | C116: =VLOOKUP($A116,LocalisationRemorque,3,0) -> Silenrieux | D116: =CONCATENATE(VLOOKUP($A116,LocalisationRemorque,6,0)," ► ",VLOOKUP($A116,LocalisationRemorque,5,0)) -> Philippeville ► Silenrieux | AC116: Grottes de Han | AG116: Grottes de Han | AO116: Grottes de Han
B117: =VLOOKUP($A117,LocalisationRemorque,2,0) -> Remorque non listée | C117: =VLOOKUP($A117,LocalisationRemorque,3,0) | D117: =CONCATENATE(VLOOKUP($A117,LocalisationRemorque,6,0)," ► ",VLOOKUP($A117,LocalisationRemorque,5,0)) -> ►
A118: 347 | B118: =VLOOKUP($A118,LocalisationRemorque,2,0) -> Marche | C118: =VLOOKUP($A118,LocalisationRemorque,3,0) -> Sinsin | D118: =CONCATENATE(VLOOKUP($A118,LocalisationRemorque,6,0)," ► ",VLOOKUP($A118,LocalisationRemorque,5,0)) -> Namur ► Marche | E118: BP Martelange | G118: Batimoi | I118: BP Martelange | K118: Carbelle | M118: BP Martelange | O118: Carbelle | Q118: BP Martelange | S118: Carbelle | U118: BP Martelange | W118: Carbelle | Y118: BP Martelange | AC118: BP Martelange | AG118: BP Martelange | AK118: BP Martelange | AO118: BP Martelange | AS118: BP Martelange | AW118: BP Martelange | BA118: Plopsa | BC118: C
A119: 348 | B119: =VLOOKUP($A119,LocalisationRemorque,2,0) -> Marche | C119: =VLOOKUP($A119,LocalisationRemorque,3,0) -> Baillonville | D119: =CONCATENATE(VLOOKUP($A119,LocalisationRemorque,6,0)," ► ",VLOOKUP($A119,LocalisationRemorque,5,0)) -> Marche-en-Famenne ► Liège | E119: Batimoi | H119: Batimoi | I119: Carbelle | M119: Carbelle | Q119: Carbelle | U119: Carbelle | AI119: DPS | AU119: DPS | BA119: Plopsa | BC119: C
A120: 349 | B120: =VLOOKUP($A120,LocalisationRemorque,2,0) -> Marche | C120: =VLOOKUP($A120,LocalisationRemorque,3,0) -> Chaussée de liège | D120: =CONCATENATE(VLOOKUP($A120,LocalisationRemorque,6,0)," ► ",VLOOKUP($A120,LocalisationRemorque,5,0)) -> Liège ► Marche | E120: Batimoi | G120: DEMA | I120: Carbelle | M120: Carbelle | Q120: Carbelle / DEMA | U120: Carbelle / DEMA | Y120: DEMA | AC120: Grottes de Han | AE120: DEMA | AG120: Grottes de Han | AM120: DEMA | AO120: Grottes de Han | AS120: DEMA | AW120: DEMA | BA120: Plopsa | BC120: C
...

Sheet DISPO
B1: 2027 | C1: Emplacement | D1: Direction | E1: Janvier | F1: Janvier | G1: Février | H1: Février | I1: Mars | J1: Mars | K1: Avril | L1: Avril | M1: Mai | N1: Mai | O1: Juin | P1: Juin | Q1: Juillet | R1: Juillet | S1: Août | T1: Août | U1: Septembre | V1: Septembre | W1: Octobre | X1: Octobre | Y1: Novembre | Z1: Novembre | AA1: Décembre | AB1: Décembre
A2: =Tableau!A2 | B2: =VLOOKUP($A2,LocalisationRemorque,2,0) -> Remorque non listée | C2: =VLOOKUP($A2,LocalisationRemorque,3,0) | D2: =CONCATENATE(VLOOKUP($A2,LocalisationRemorque,6,0)," ► ",VLOOKUP($A2,LocalisationRemorque,5,0)) -> ► | E2: =IF(ISBLANK(Tableau!$E$2), "LIBRE", "OCCUPÉ") -> LIBRE | F2: =IF(ISBLANK(Tableau!$G$2), "LIBRE", "OCCUPÉ") -> LIBRE | G2: =IF(ISBLANK(Tableau!$I$2), "LIBRE", "OCCUPÉ") -> LIBRE | H2: =IF(ISBLANK(Tableau!$K$2), "LIBRE", "OCCUPÉ") -> LIBRE | I2: =IF(ISBLANK(Tableau!$M$2), "LIBRE", "OCCUPÉ") -> LIBRE | J2: =IF(ISBLANK(Tableau!$O$2), "LIBRE", "OCCUPÉ") -> LIBRE | K2: =IF(ISBLANK(Tableau!$Q$2), "LIBRE", "OCCUPÉ") -> LIBRE | L2: =IF(ISBLANK(Tableau!$S$2), "LIBRE", "OCCUPÉ") -> LIBRE | M2: =IF(ISBLANK(Tableau!$U$2), "LIBRE", "OCCUPÉ") -> LIBRE | N2: =IF(ISBLANK(Tableau!$W$2), "LIBRE", "OCCUPÉ") -> LIBRE | O2: =IF(ISBLANK(Tableau!$Y$2), "LIBRE", "OCCUPÉ") -> LIBRE | P2: =IF(ISBLANK(Tableau!$AA$2), "LIBRE", "OCCUPÉ") -> LIBRE | Q2: =IF(ISBLANK(Tableau!$AC$2), "LIBRE", "OCCUPÉ") -> LIBRE | R2: =IF(ISBLANK(Tableau!$AE$2), "LIBRE", "OCCUPÉ") -> LIBRE | S2: =IF(ISBLANK(Tableau!$AG$2), "LIBRE", "OCCUPÉ") -> LIBRE | T2: =IF(ISBLANK(Tableau!$AI$2), "LIBRE", "OCCUPÉ") -> LIBRE | U2: =IF(ISBLANK(Tableau!$AK$2), "LIBRE", "OCCUPÉ") -> LIBRE | V2: =IF(ISBLANK(Tableau!$AM$2), "LIBRE", "OCCUPÉ") -> LIBRE | W2: =IF(ISBLANK(Tableau!$AO$2), "LIBRE", "OCCUPÉ") -> LIBRE | X2: =IF(ISBLANK(Tableau!$AQ$2), "LIBRE", "OCCUPÉ") -> LIBRE | Y2: =IF(ISBLANK(Tableau!$AS$2), "LIBRE", "OCCUPÉ") -> LIBRE | Z2: =IF(ISBLANK(Tableau!$AU$2), "LIBRE", "OCCUPÉ") -> LIBRE | AA2: =IF(ISBLANK(Tableau!$AW$2), "LIBRE", "OCCUPÉ") -> LIBRE | AB2: =IF(ISBLANK(Tableau!$AY$2), "LIBRE", "OCCUPÉ") -> LIBRE
A3: =Tableau!A3 -> 102 | B3: =VLOOKUP($A3,LocalisationRemorque,2,0) -> Nivelles | C3: =VLOOKUP($A3,LocalisationRemorque,3,0) -> Sud Thines | D3: =CONCATENATE(VLOOKUP($A3,LocalisationRemorque,6,0)," ► ",VLOOKUP($A3,LocalisationRemorque,5,0)) -> Nivelles ► Namur | E3: =IF(ISBLANK(Tableau!$E$3), "LIBRE", "OCCUPÉ") -> OCCUPÉ | F3: =IF(ISBLANK(Tableau!$G$3), "LIBRE", "OCCUPÉ") -> OCCUPÉ | G3: =IF(ISBLANK(Tableau!$I$3), "LIBRE", "OCCUPÉ") -> LIBRE | H3: =IF(ISBLANK(Tableau!$K$3), "LIBRE", "OCCUPÉ") -> LIBRE | I3: =IF(ISBLANK(Tableau!$M$3), "LIBRE", "OCCUPÉ") -> LIBRE | J3: =IF(ISBLANK(Tableau!$O$3), "LIBRE", "OCCUPÉ") -> LIBRE | K3: =IF(ISBLANK(Tableau!$Q$3), "LIBRE", "OCCUPÉ") -> LIBRE | L3: =IF(ISBLANK(Tableau!$S$3), "LIBRE", "OCCUPÉ") -> OCCUPÉ | M3: =IF(ISBLANK(Tableau!$U$3), "LIBRE", "OCCUPÉ") -> LIBRE | N3: =IF(ISBLANK(Tableau!$W$3), "LIBRE", "OCCUPÉ") -> OCCUPÉ | O3: =IF(ISBLANK(Tableau!$Y$3), "LIBRE", "OCCUPÉ") -> LIBRE | P3: =IF(ISBLANK(Tableau!$AA$3), "LIBRE", "OCCUPÉ") -> LIBRE | Q3: =IF(ISBLANK(Tableau!$AC$3), "LIBRE", "OCCUPÉ") -> OCCUPÉ | R3: =IF(ISBLANK(Tableau!$AE$3), "LIBRE", "OCCUPÉ") -> OCCUPÉ | S3: =IF(ISBLANK(Tableau!$AG$3), "LIBRE", "OCCUPÉ") -> LIBRE | T3: =IF(ISBLANK(Tableau!$AI$3), "LIBRE", "OCCUPÉ") -> LIBRE | U3: =IF(ISBLANK(Tableau!$AK$3), "LIBRE", "OCCUPÉ") -> OCCUPÉ | V3: =IF(ISBLANK(Tableau!$AM$3), "LIBRE", "OCCUPÉ") -> LIBRE | W3: =IF(ISBLANK(Tableau!$AO$3), "LIBRE", "OCCUPÉ") -> OCCUPÉ | X3: =IF(ISBLANK(Tableau!$AQ$3), "LIBRE", "OCCUPÉ") -> LIBRE | Y3: =IF(ISBLANK(Tableau!$AS$3), "LIBRE", "OCCUPÉ") -> LIBRE | Z3: =IF(ISBLANK(Tableau!$AU$3), "LIBRE", "OCCUPÉ") -> LIBRE | AA3: =IF(ISBLANK(Tableau!$AW$3), "LIBRE", "OCCUPÉ") -> OCCUPÉ | AB3: =IF(ISBLANK(Tableau!$AY$3), "LIBRE", "OCCUPÉ") -> LIBRE
A4: =Tableau!A4 | B4: =VLOOKUP($A4,LocalisationRemorque,2,0) -> Remorque non listée | C4: =VLOOKUP($A4,LocalisationRemorque,3,0) | D4: =CONCATENATE(VLOOKUP($A4,LocalisationRemorque,6,0)," ► ",VLOOKUP($A4,LocalisationRemorque,5,0)) -> ► | E4: =IF(ISBLANK(Tableau!$E$4), "LIBRE", "OCCUPÉ") -> LIBRE | F4: =IF(ISBLANK(Tableau!$G$4), "LIBRE", "OCCUPÉ") -> LIBRE | G4: =IF(ISBLANK(Tableau!$I$4), "LIBRE", "OCCUPÉ") -> LIBRE | H4: =IF(ISBLANK(Tableau!$K$4), "LIBRE", "OCCUPÉ") -> LIBRE | I4: =IF(ISBLANK(Tableau!$M$4), "LIBRE", "OCCUPÉ") -> LIBRE | J4: =IF(ISBLANK(Tableau!$O$4), "LIBRE", "OCCUPÉ") -> LIBRE | K4: =IF(ISBLANK(Tableau!$Q$4), "LIBRE", "OCCUPÉ") -> LIBRE | L4: =IF(ISBLANK(Tableau!$S$4), "LIBRE", "OCCUPÉ") -> LIBRE | M4: =IF(ISBLANK(Tableau!$U$4), "LIBRE", "OCCUPÉ") -> LIBRE | N4: =IF(ISBLANK(Tableau!$W$4), "LIBRE", "OCCUPÉ") -> LIBRE | O4: =IF(ISBLANK(Tableau!$Y$4), "LIBRE", "OCCUPÉ") -> LIBRE | P4: =IF(ISBLANK(Tableau!$AA$4), "LIBRE", "OCCUPÉ") -> LIBRE | Q4: =IF(ISBLANK(Tableau!$AC$4), "LIBRE", "OCCUPÉ") -> LIBRE | R4: =IF(ISBLANK(Tableau!$AE$4), "LIBRE", "OCCUPÉ") -> LIBRE | S4: =IF(ISBLANK(Tableau!$AG$4), "LIBRE", "OCCUPÉ") -> LIBRE | T4: =IF(ISBLANK(Tableau!$AI$4), "LIBRE", "OCCUPÉ") -> LIBRE | U4: =IF(ISBLANK(Tableau!$AK$4), "LIBRE", "OCCUPÉ") -> LIBRE | V4: =IF(ISBLANK(Tableau!$AM$4), "LIBRE", "OCCUPÉ") -> LIBRE | W4: =IF(ISBLANK(Tableau!$AO$4), "LIBRE", "OCCUPÉ") -> LIBRE | X4: =IF(ISBLANK(Tableau!$AQ$4), "LIBRE", "OCCUPÉ") -> LIBRE | Y4: =IF(ISBLANK(Tableau!$AS$4), "LIBRE", "OCCUPÉ") -> LIBRE | Z4: =IF(ISBLANK(Tableau!$AU$4), "LIBRE", "OCCUPÉ") -> LIBRE | AA4: =IF(ISBLANK(Tableau!$AW$4), "LIBRE", "OCCUPÉ") -> LIBRE | AB4: =IF(ISBLANK(Tableau!$AY$4), "LIBRE", "OCCUPÉ") -> LIBRE
A5: =Tableau!A5 -> 104 | B5: =VLOOKUP($A5,LocalisationRemorque,2,0) -> Ottignies | C5: =VLOOKUP($A5,LocalisationRemorque,3,0) -> Clinique | D5: =CONCATENATE(VLOOKUP($A5,LocalisationRemorque,6,0)," ► ",VLOOKUP($A5,LocalisationRemorque,5,0)) -> Rixensart ► Court-Saint-Etienne | E5: =IF(ISBLANK(Tableau!$E$5), "LIBRE", "OCCUPÉ") -> OCCUPÉ | F5: =IF(ISBLANK(Tableau!$G$5), "LIBRE", "OCCUPÉ") -> OCCUPÉ | G5: =IF(ISBLANK(Tableau!$I$5), "LIBRE", "OCCUPÉ") -> LIBRE | H5: =IF(ISBLANK(Tableau!$K$5), "LIBRE", "OCCUPÉ") -> LIBRE | I5: =IF(ISBLANK(Tableau!$M$5), "LIBRE", "OCCUPÉ") -> OCCUPÉ | J5: =IF(ISBLANK(Tableau!$O$5), "LIBRE", "OCCUPÉ") -> LIBRE | K5: =IF(ISBLANK(Tableau!$Q$5), "LIBRE", "OCCUPÉ") -> LIBRE | L5: =IF(ISBLANK(Tableau!$S$5), "LIBRE", "OCCUPÉ") -> LIBRE | M5: =IF(ISBLANK(Tableau!$U$5), "LIBRE", "OCCUPÉ") -> LIBRE | N5: =IF(ISBLANK(Tableau!$W$5), "LIBRE", "OCCUPÉ") -> LIBRE | O5: =IF(ISBLANK(Tableau!$Y$5), "LIBRE", "OCCUPÉ") -> OCCUPÉ | P5: =IF(ISBLANK(Tableau!$AA$5), "LIBRE", "OCCUPÉ") -> LIBRE | Q5: =IF(ISBLANK(Tableau!$AC$5), "LIBRE", "OCCUPÉ") -> LIBRE | R5: =IF(ISBLANK(Tableau!$AE$5), "LIBRE", "OCCUPÉ") -> LIBRE | S5: =IF(ISBLANK(Tableau!$AG$5), "LIBRE", "OCCUPÉ") -> LIBRE | T5: =IF(ISBLANK(Tableau!$AI$5), "LIBRE", "OCCUPÉ") -> LIBRE | U5: =IF(ISBLANK(Tableau!$AK$5), "LIBRE", "OCCUPÉ") -> OCCUPÉ | V5: =IF(ISBLANK(Tableau!$AM$5), "LIBRE", "OCCUPÉ") -> LIBRE | W5: =IF(ISBLANK(Tableau!$AO$5), "LIBRE", "OCCUPÉ") -> LIBRE | X5: =IF(ISBLANK(Tableau!$AQ$5), "LIBRE", "OCCUPÉ") -> LIBRE | Y5: =IF(ISBLANK(Tableau!$AS$5), "LIBRE", "OCCUPÉ") -> OCCUPÉ | Z5: =IF(ISBLANK(Tableau!$AU$5), "LIBRE", "OCCUPÉ") -> LIBRE | AA5: =IF(ISBLANK(Tableau!$AW$5), "LIBRE", "OCCUPÉ") -> LIBRE | AB5: =IF(ISBLANK(Tableau!$AY$5), "LIBRE", "OCCUPÉ") -> LIBRE
A6: =Tableau!A6 -> 105 | B6: =VLOOKUP($A6,LocalisationRemorque,2,0) -> Louvain-la-Neuve | C6: =VLOOKUP($A6,LocalisationRemorque,3,0) -> Corbais | D6: =CONCATENATE(VLOOKUP($A6,LocalisationRemorque,6,0)," ► ",VLOOKUP($A6,LocalisationRemorque,5,0)) -> LLN ► Gembloux | E6: =IF(ISBLANK(Tableau!$E$6), "LIBRE", "OCCUPÉ") -> OCCUPÉ | F6: =IF(ISBLANK(Tableau!$G$6), "LIBRE", "OCCUPÉ") -> LIBRE | G6: =IF(ISBLANK(Tableau!$I$6), "LIBRE", "OCCUPÉ") -> LIBRE | H6: =IF(ISBLANK(Tableau!$K$6), "LIBRE", "OCCUPÉ") -> LIBRE | I6: =IF(ISBLANK(Tableau!$M$6), "LIBRE", "OCCUPÉ") -> LIBRE | J6: =IF(ISBLANK(Tableau!$O$6), "LIBRE", "OCCUPÉ") -> LIBRE | K6: =IF(ISBLANK(Tableau!$Q$6), "LIBRE", "OCCUPÉ") -> LIBRE | L6: =IF(ISBLANK(Tableau!$S$6), "LIBRE", "OCCUPÉ") -> LIBRE | M6: =IF(ISBLANK(Tableau!$U$6), "LIBRE", "OCCUPÉ") -> LIBRE | N6: =IF(ISBLANK(Tableau!$W$6), "LIBRE", "OCCUPÉ") -> LIBRE | O6: =IF(ISBLANK(Tableau!$Y$6), "LIBRE", "OCCUPÉ") -> LIBRE | P6: =IF(ISBLANK(Tableau!$AA$6), "LIBRE", "OCCUPÉ") -> LIBRE | Q6: =IF(ISBLANK(Tableau!$AC$6), "LIBRE", "OCCUPÉ") -> OCCUPÉ | R6: =IF(ISBLANK(Tableau!$AE$6), "LIBRE", "OCCUPÉ") -> LIBRE | S6: =IF(ISBLANK(Tableau!$AG$6), "LIBRE", "OCCUPÉ") -> LIBRE | T6: =IF(ISBLANK(Tableau!$AI$6), "LIBRE", "OCCUPÉ") -> LIBRE | U6: =IF(ISBLANK(Tableau!$AK$6), "LIBRE", "OCCUPÉ") -> LIBRE | V6: =IF(ISBLANK(Tableau!$AM$6), "LIBRE", "OCCUPÉ") -> LIBRE | W6: =IF(ISBLANK(Tableau!$AO$6), "LIBRE", "OCCUPÉ") -> LIBRE | X6: =IF(ISBLANK(Tableau!$AQ$6), "LIBRE", "OCCUPÉ") -> LIBRE | Y6: =IF(ISBLANK(Tableau!$AS$6), "LIBRE", "OCCUPÉ") -> LIBRE | Z6: =IF(ISBLANK(Tableau!$AU$6), "LIBRE", "OCCUPÉ") -> LIBRE | AA6: =IF(ISBLANK(Tableau!$AW$6), "LIBRE", "OCCUPÉ") -> OCCUPÉ | AB6: =IF(ISBLANK(Tableau!$AY6), "LIBRE", "OCCUPÉ") -> LIBRE
A7: =Tableau!A7 -> 106 | B7: =VLOOKUP($A7,LocalisationRemorque,2,0) -> Wavre | C7: =VLOOKUP($A7,LocalisationRemorque,3,0) -> Grez-Doiceau 1 | D7: =CONCATENATE(VLOOKUP($A7,LocalisationRemorque,6,0)," ► ",VLOOKUP($A7,LocalisationRemorque,5,0)) -> Wavre ► Grez | E7: =IF(ISBLANK(Tableau!$E$7), "LIBRE", "OCCUPÉ") -> OCCUPÉ | F7: =IF(ISBLANK(Tableau!$G$7), "LIBRE", "OCCUPÉ") -> OCCUPÉ | G7: =IF(ISBLANK(Tableau!$I$7), "LIBRE", "OCCUPÉ") -> LIBRE | H7: =IF(ISBLANK(Tableau!$K$7), "LIBRE", "OCCUPÉ") -> LIBRE | I7: =IF(ISBLANK(Tableau!$M$7), "LIBRE", "OCCUPÉ") -> OCCUPÉ | J7: =IF(ISBLANK(Tableau!$O$7), "LIBRE", "OCCUPÉ") -> LIBRE | K7: =IF(ISBLANK(Tableau!$Q$7), "LIBRE", "OCCUPÉ") -> LIBRE | L7: =IF(ISBLANK(Tableau!$S$7), "LIBRE", "OCCUPÉ") -> LIBRE | M7: =IF(ISBLANK(Tableau!$U$7), "LIBRE", "OCCUPÉ") -> LIBRE | N7: =IF(ISBLANK(Tableau!$W$7), "LIBRE", "OCCUPÉ") -> LIBRE | O7: =IF(ISBLANK(Tableau!$Y$7), "LIBRE", "OCCUPÉ") -> OCCUPÉ | P7: =IF(ISBLANK(Tableau!$AA$7), "LIBRE", "OCCUPÉ") -> LIBRE | Q7: =IF(ISBLANK(Tableau!$AC$7), "LIBRE", "OCCUPÉ") -> LIBRE | R7: =IF(ISBLANK(Tableau!$AE$7), "LIBRE", "OCCUPÉ") -> LIBRE | S7: =IF(ISBLANK(Tableau!$AG$7), "LIBRE", "OCCUPÉ") -> LIBRE | T7: =IF(ISBLANK(Tableau!$AI$7), "LIBRE", "OCCUPÉ") -> LIBRE | U7: =IF(ISBLANK(Tableau!$AK$7), "LIBRE", "OCCUPÉ") -> OCCUPÉ | V7: =IF(ISBLANK(Tableau!$AM$7), "LIBRE", "OCCUPÉ") -> LIBRE | W7: =IF(ISBLANK(Tableau!$AO$7), "LIBRE", "OCCUPÉ") -> LIBRE | X7: =IF(ISBLANK(Tableau!$AQ$7), "LIBRE", "OCCUPÉ") -> LIBRE | Y7: =IF(ISBLANK(Tableau!$AS$7), "LIBRE", "OCCUPÉ") -> OCCUPÉ | Z7: =IF(ISBLANK(Tableau!$AU$7), "LIBRE", "OCCUPÉ") -> LIBRE | AA7: =IF(ISBLANK(Tableau!$AW$7), "LIBRE", "OCCUPÉ") -> LIBRE | AB7: =IF(ISBLANK(Tableau!$AY7), "LIBRE", "OCCUPÉ") -> LIBRE
A8: =Tableau!A8 -> 107 | B8: =VLOOKUP($A8,LocalisationRemorque,2,0) -> Wavre | C8: =VLOOKUP($A8,LocalisationRemorque,3,0) -> Grez-Doiceau 2 | D8: =CONCATENATE(VLOOKUP($A8,LocalisationRemorque,6,0)," ► ",VLOOKUP($A8,LocalisationRemorque,5,0)) -> LLN ► Wavre | E8: =IF(ISBLANK(Tableau!$E$8), "LIBRE", "OCCUPÉ") -> OCCUPÉ | F8: =IF(ISBLANK(Tableau!$G$8), "LIBRE", "OCCUPÉ") -> LIBRE | G8: =IF(ISBLANK(Tableau!$I$8), "LIBRE", "OCCUPÉ") -> LIBRE | H8: =IF(ISBLANK(Tableau!$K$8), "LIBRE", "OCCUPÉ") -> LIBRE | I8: =IF(ISBLANK(Tableau!$M$8), "LIBRE", "OCCUPÉ") -> OCCUPÉ | J8: =IF(ISBLANK(Tableau!$O$8), "LIBRE", "OCCUPÉ") -> LIBRE | K8: =IF(ISBLANK(Tableau!$Q$8), "LIBRE", "OCCUPÉ") -> LIBRE | L8: =IF(ISBLANK(Tableau!$S$8), "LIBRE", "OCCUPÉ") -> LIBRE | M8: =IF(ISBLANK(Tableau!$U$8), "LIBRE", "OCCUPÉ") -> LIBRE | N8: =IF(ISBLANK(Tableau!$W$8), "LIBRE", "OCCUPÉ") -> LIBRE | O8: =IF(ISBLANK(Tableau!$Y$8), "LIBRE", "OCCUPÉ") -> OCCUPÉ | P8: =IF(ISBLANK(Tableau!$AA$8), "LIBRE", "OCCUPÉ") -> LIBRE | Q8: =IF(ISBLANK(Tableau!$AC$8), "LIBRE", "OCCUPÉ") -> LIBRE | R8: =IF(ISBLANK(Tableau!$AE$8), "LIBRE", "OCCUPÉ") -> LIBRE | S8: =IF(ISBLANK(Tableau!$AG$8), "LIBRE", "OCCUPÉ") -> LIBRE | T8: =IF(ISBLANK(Tableau!$AI$8), "LIBRE", "OCCUPÉ") -> LIBRE | U8: =IF(ISBLANK(Tableau!$AK$8), "LIBRE", "OCCUPÉ") -> OCCUPÉ | V8: =IF(ISBLANK(Tableau!$AM$8), "LIBRE", "OCCUPÉ") -> LIBRE | W8: =IF(ISBLANK(Tableau!$AO$8), "LIBRE", "OCCUPÉ") -> LIBRE | X8: =IF(ISBLANK(Tableau!$AQ$8), "LIBRE", "OCCUPÉ") -> LIBRE | Y8: =IF(ISBLANK(Tableau!$AS$8), "LIBRE", "OCCUPÉ") -> OCCUPÉ | Z8: =IF(ISBLANK(Tableau!$AU$8), "LIBRE", "OCCUPÉ") -> LIBRE | AA8: =IF(ISBLANK(Tableau!$AW$8), "LIBRE", "OCCUPÉ") -> LIBRE | AB8: =IF(ISBLANK(Tableau!$AY8), "LIBRE", "OCCUPÉ") -> LIBRE
A9: =Tableau!A9 -> 108 | B9: =VLOOKUP($A9,LocalisationRemorque,2,0) -> Wavre | C9: =VLOOKUP($A9,LocalisationRemorque,3,0) -> Grez-Doiceau 3 | D9: =CONCATENATE(VLOOKUP($A9,LocalisationRemorque,6,0)," ► ",VLOOKUP($A9,LocalisationRemorque,5,0)) -> Wavre ► Grez | E9: =IF(ISBLANK(Tableau!$E$9), "LIBRE", "OCCUPÉ") -> OCCUPÉ | F9: =IF(ISBLANK(Tableau!$G$9), "LIBRE", "OCCUPÉ") -> LIBRE | G9: =IF(ISBLANK(Tableau!$I$9), "LIBRE", "OCCUPÉ") -> LIBRE | H9: =IF(ISBLANK(Tableau!$K$9), "LIBRE", "OCCUPÉ") -> LIBRE | I9: =IF(ISBLANK(Tableau!$M$9), "LIBRE", "OCCUPÉ") -> OCCUPÉ | J9: =IF(ISBLANK(Tableau!$O$9), "LIBRE", "OCCUPÉ") -> LIBRE | K9: =IF(ISBLANK(Tableau!$Q$9), "LIBRE", "OCCUPÉ") -> LIBRE | L9: =IF(ISBLANK(Tableau!$S$9), "LIBRE", "OCCUPÉ") -> LIBRE | M9: =IF(ISBLANK(Tableau!$U$9), "LIBRE", "OCCUPÉ") -> LIBRE | N9: =IF(ISBLANK(Tableau!$W$9), "LIBRE", "OCCUPÉ") -> LIBRE | O9: =IF(ISBLANK(Tableau!$Y$9), "LIBRE", "OCCUPÉ") -> OCCUPÉ | P9: =IF(ISBLANK(Tableau!$AA$9), "LIBRE", "OCCUPÉ") -> LIBRE | Q9: =IF(ISBLANK(Tableau!$AC$9), "LIBRE", "OCCUPÉ") -> OCCUPÉ | R9: =IF(ISBLANK(Tableau!$AE$9), "LIBRE", "OCCUPÉ") -> LIBRE | S9: =IF(ISBLANK(Tableau!$AG$9), "LIBRE", "OCCUPÉ") -> LIBRE | T9: =IF(ISBLANK(Tableau!$AI$9), "LIBRE", "OCCUPÉ") -> LIBRE | U9: =IF(ISBLANK(Tableau!$AK$9), "LIBRE", "OCCUPÉ") -> OCCUPÉ | V9: =IF(ISBLANK(Tableau!$AM$9), "LIBRE", "OCCUPÉ") -> LIBRE | W9: =IF(ISBLANK(Tableau!$AO$9), "LIBRE", "OCCUPÉ") -> LIBRE | X9: =IF(ISBLANK(Tableau!$AQ$9), "LIBRE", "OCCUPÉ") -> LIBRE | Y9: =IF(ISBLANK(Tableau!$AS$9), "LIBRE", "OCCUPÉ") -> OCCUPÉ | Z9: =IF(ISBLANK(Tableau!$AU$9), "LIBRE", "OCCUPÉ") -> LIBRE | AA9: =IF(ISBLANK(Tableau!$AW$9), "LIBRE", "OCCUPÉ") -> LIBRE | AB9: =IF(ISBLANK(Tableau!$AY9), "LIBRE", "OCCUPÉ") -> LIBRE
A10: =Tableau!A10 -> 109 | B10: =VLOOKUP($A10,LocalisationRemorque,2,0) -> Jodoigne | C10: =VLOOKUP($A10,LocalisationRemorque,3,0) -> Mélin | D10: =CONCATENATE(VLOOKUP($A10,LocalisationRemorque,6,0)," ► ",VLOOKUP($A10,LocalisationRemorque,5,0)) -> Jodoigne ► Beauvechain | E10: =IF(ISBLANK(Tableau!$E$10), "LIBRE", "OCCUPÉ") -> LIBRE | F10: =IF(ISBLANK(Tableau!$G$10), "LIBRE", "OCCUPÉ") -> LIBRE | G10: =IF(ISBLANK(Tableau!$I$10), "LIBRE", "OCCUPÉ") -> LIBRE | H10: =IF(ISBLANK(Tableau!$K$10), "LIBRE", "OCCUPÉ") -> LIBRE | I10: =IF(ISBLANK(Tableau!$M$10), "LIBRE", "OCCUPÉ") -> LIBRE | J10: =IF(ISBLANK(Tableau!$O$10), "LIBRE", "OCCUPÉ") -> LIBRE | K10: =IF(ISBLANK(Tableau!$Q$10), "LIBRE", "OCCUPÉ") -> LIBRE | L10: =IF(ISBLANK(Tableau!$S$10), "LIBRE", "OCCUPÉ") -> LIBRE | M10: =IF(ISBLANK(Tableau!$U$10), "LIBRE", "OCCUPÉ") -> LIBRE | N10: =IF(ISBLANK(Tableau!$W$10), "LIBRE", "OCCUPÉ") -> LIBRE | O10: =IF(ISBLANK(Tableau!$Y$10), "LIBRE", "OCCUPÉ") -> LIBRE | P10: =IF(ISBLANK(Tableau!$AA$10), "LIBRE", "OCCUPÉ") -> LIBRE | Q10: =IF(ISBLANK(Tableau!$AC$11), "LIBRE", "OCCUPÉ") -> LIBRE | R10: =IF(ISBLANK(Tableau!$AE$10), "LIBRE", "OCCUPÉ") -> LIBRE | S10: =IF(ISBLANK(Tableau!$AG$10), "LIBRE", "OCCUPÉ") -> LIBRE | T10: =IF(ISBLANK(Tableau!$AI$10), "LIBRE", "OCCUPÉ") -> LIBRE | U10: =IF(ISBLANK(Tableau!$AK$10), "LIBRE", "OCCUPÉ") -> LIBRE | V10: =IF(ISBLANK(Tableau!$AM$10), "LIBRE", "OCCUPÉ") -> LIBRE | W10: =IF(ISBLANK(Tableau!$AO$10), "LIBRE", "OCCUPÉ") -> LIBRE | X10: =IF(ISBLANK(Tableau!$AQ$10), "LIBRE", "OCCUPÉ") -> LIBRE | Y10: =IF(ISBLANK(Tableau!$AS$10), "LIBRE", "OCCUPÉ") -> LIBRE | Z10: =IF(ISBLANK(Tableau!$AU$10), "LIBRE", "OCCUPÉ") -> LIBRE | AA10: =IF(ISBLANK(Tableau!$AW$10), "LIBRE", "OCCUPÉ") -> LIBRE | AB10: =IF(ISBLANK(Tableau!$AY10), "LIBRE", "OCCUPÉ") -> LIBRE
A11: =Tableau!A11 -> 110 | B11: =VLOOKUP($A11,LocalisationRemorque,2,0) -> Jodoigne | C11: =VLOOKUP($A11,LocalisationRemorque,3,0) -> Entree Jodoigne | D11: =CONCATENATE(VLOOKUP($A11,LocalisationRemorque,6,0)," ► ",VLOOKUP($A11,LocalisationRemorque,5,0)) -> Jodoigne ► Tirlemont | E11: =IF(ISBLANK(Tableau!$E$11), "LIBRE", "OCCUPÉ") -> LIBRE | F11: =IF(ISBLANK(Tableau!$G$11), "LIBRE", "OCCUPÉ") -> LIBRE | G11: =IF(ISBLANK(Tableau!$I$11), "LIBRE", "OCCUPÉ") -> LIBRE | H11: =IF(ISBLANK(Tableau!$K$11), "LIBRE", "OCCUPÉ") -> LIBRE | I11: =IF(ISBLANK(Tableau!$M$11), "LIBRE", "OCCUPÉ") -> LIBRE | J11: =IF(ISBLANK(Tableau!$O$11), "LIBRE", "OCCUPÉ") -> LIBRE | K11: =IF(ISBLANK(Tableau!$Q$11), "LIBRE", "OCCUPÉ") -> LIBRE | L11: =IF(ISBLANK(Tableau!$S$11), "LIBRE", "OCCUPÉ") -> LIBRE | M11: =IF(ISBLANK(Tableau!$U$11), "LIBRE", "OCCUPÉ") -> LIBRE | N11: =IF(ISBLANK(Tableau!$W$11), "LIBRE", "OCCUPÉ") -> LIBRE | O11: =IF(ISBLANK(Tableau!$Y$11), "LIBRE", "OCCUPÉ") -> LIBRE | P11: =IF(ISBLANK(Tableau!$AA$11), "LIBRE", "OCCUPÉ") -> LIBRE | Q11: =IF(ISBLANK(#REF!), "LIBRE", "OCCUPÉ") -> OCCUPÉ | R11: =IF(ISBLANK(Tableau!$AE$11), "LIBRE", "OCCUPÉ") -> LIBRE | S11: =IF(ISBLANK(Tableau!$AG$11), "LIBRE", "OCCUPÉ") -> LIBRE | T11: =IF(ISBLANK(Tableau!$AI$11), "LIBRE", "OCCUPÉ") -> LIBRE | U11: =IF(ISBLANK(Tableau!$AK$11), "LIBRE", "OCCUPÉ") -> LIBRE | V11: =IF(ISBLANK(Tableau!$AM$11), "LIBRE", "OCCUPÉ") -> LIBRE | W11: =IF(ISBLANK(Tableau!$AO$11), "LIBRE", "OCCUPÉ") -> LIBRE | X11: =IF(ISBLANK(Tableau!$AQ$11), "LIBRE", "OCCUPÉ") -> LIBRE | Y11: =IF(ISBLANK(Tableau!$AS$11), "LIBRE", "OCCUPÉ") -> LIBRE | Z11: =IF(ISBLANK(Tableau!$AU$11), "LIBRE", "OCCUPÉ") -> LIBRE | AA11: =IF(ISBLANK(Tableau!$AW$11), "LIBRE", "OCCUPÉ") -> LIBRE | AB11: =IF(ISBLANK(Tableau!$AY11), "LIBRE", "OCCUPÉ") -> LIBRE
A12: =Tableau!A12 -> 111 | B12: =VLOOKUP($A12,LocalisationRemorque,2,0) -> Beauvechain | C12: =VLOOKUP($A12,LocalisationRemorque,3,0) -> Nodebais | D12: =CONCATENATE(VLOOKUP($A12,LocalisationRemorque,6,0)," ► ",VLOOKUP($A12,LocalisationRemorque,5,0)) -> Éghezée ► Hamme | E12: =IF(ISBLANK(Tableau!$E$12), "LIBRE", "OCCUPÉ") -> OCCUPÉ | F12: =IF(ISBLANK(Tableau!$G$12), "LIBRE", "OCCUPÉ") -> LIBRE | G12: =IF(ISBLANK(Tableau!$I$12), "LIBRE", "OCCUPÉ") -> LIBRE | H12: =IF(ISBLANK(Tableau!$K$12), "LIBRE", "OCCUPÉ") -> LIBRE | I12: =IF(ISBLANK(Tableau!$M$12), "LIBRE", "OCCUPÉ") -> OCCUPÉ | J12: =IF(ISBLANK(Tableau!$O$12), "LIBRE", "OCCUPÉ") -> LIBRE | K12: =IF(ISBLANK(Tableau!$Q$12), "LIBRE", "OCCUPÉ") -> LIBRE | L12: =IF(ISBLANK(Tableau!$S$12), "LIBRE", "OCCUPÉ") -> LIBRE | M12: =IF(ISBLANK(Tableau!$U$12), "LIBRE", "OCCUPÉ") -> LIBRE | N12: =IF(ISBLANK(Tableau!$W$12), "LIBRE", "OCCUPÉ") -> LIBRE | O12: =IF(ISBLANK(Tableau!$Y$12), "LIBRE", "OCCUPÉ") -> OCCUPÉ | P12: =IF(ISBLANK(Tableau!$AA$12), "LIBRE", "OCCUPÉ") -> LIBRE | Q12: =IF(ISBLANK(Tableau!$AC$12), "LIBRE", "OCCUPÉ") -> OCCUPÉ | R12: =IF(ISBLANK(Tableau!$AE$12), "LIBRE", "OCCUPÉ") -> LIBRE | S12: =IF(ISBLANK(Tableau!$AG$12), "LIBRE", "OCCUPÉ") -> LIBRE | T12: =IF(ISBLANK(Tableau!$AI$12), "LIBRE", "OCCUPÉ") -> LIBRE | U12: =IF(ISBLANK(Tableau!$AK$12), "LIBRE", "OCCUPÉ") -> OCCUPÉ | V12: =IF(ISBLANK(Tableau!$AM$12), "LIBRE", "OCCUPÉ") -> LIBRE | W12: =IF(ISBLANK(Tableau!$AO$12), "LIBRE", "OCCUPÉ") -> LIBRE | X12: =IF(ISBLANK(Tableau!$AQ$12), "LIBRE", "OCCUPÉ") -> LIBRE | Y12: =IF(ISBLANK(Tableau!$AS$12), "LIBRE", "OCCUPÉ") -> OCCUPÉ | Z12: =IF(ISBLANK(Tableau!$AU$12), "LIBRE", "OCCUPÉ") -> LIBRE | AA12: =IF(ISBLANK(Tableau!$AW$12), "LIBRE", "OCCUPÉ") -> LIBRE | AB12: =IF(ISBLANK(Tableau!$AY12), "LIBRE", "OCCUPÉ") -> LIBRE
A13: =Tableau!A13 -> 112 | B13: =VLOOKUP($A13,LocalisationRemorque,2,0) -> Incourt | C13: =VLOOKUP($A13,LocalisationRemorque,3,0) -> Incourt | D13: =CONCATENATE(VLOOKUP($A13,LocalisationRemorque,6,0)," ► ",VLOOKUP($A13,LocalisationRemorque,5,0)) -> Louvain ► Éghezée | E13: =IF(ISBLANK(Tableau!$E$13), "LIBRE", "OCCUPÉ") -> LIBRE | F13: =IF(ISBLANK(Tableau!$G$13), "LIBRE", "OCCUPÉ") -> LIBRE | G13: =IF(ISBLANK(Tableau!$I$13), "LIBRE", "OCCUPÉ") -> LIBRE | H13: =IF(ISBLANK(Tableau!$K$13), "LIBRE", "OCCUPÉ") -> LIBRE | I13: =IF(ISBLANK(Tableau!$M$13), "LIBRE", "OCCUPÉ") -> LIBRE | J13: =IF(ISBLANK(Tableau!$O$13), "LIBRE", "OCCUPÉ") -> LIBRE | K13: =IF(ISBLANK(Tableau!$Q$13), "LIBRE", "OCCUPÉ") -> LIBRE | L13: =IF(ISBLANK(Tableau!$S$13), "LIBRE", "OCCUPÉ") -> LIBRE | M13: =IF(ISBLANK(Tableau!$U$13), "LIBRE", "OCCUPÉ") -> LIBRE | N13: =IF(ISBLANK(Tableau!$W$13), "LIBRE", "OCCUPÉ") -> LIBRE | O13: =IF(ISBLANK(Tableau!$Y$13), "LIBRE", "OCCUPÉ") -> LIBRE | P13: =IF(ISBLANK(Tableau!$AA$13), "LIBRE", "OCCUPÉ") -> LIBRE | Q13: =IF(ISBLANK(Tableau!$AC$13), "LIBRE", "OCCUPÉ") -> LIBRE | R13: =IF(ISBLANK(Tableau!$AE$13), "LIBRE", "OCCUPÉ") -> LIBRE | S13: =IF(ISBLANK(Tableau!$AG$13), "LIBRE", "OCCUPÉ") -> LIBRE | T13: =IF(ISBLANK(Tableau!$AI$13), "LIBRE", "OCCUPÉ") -> LIBRE | U13: =IF(ISBLANK(Tableau!$AK$13), "LIBRE", "OCCUPÉ") -> LIBRE | V13: =IF(ISBLANK(Tableau!$AM$13), "LIBRE", "OCCUPÉ") -> LIBRE | W13: =IF(ISBLANK(Tableau!$AO$13), "LIBRE", "OCCUPÉ") -> LIBRE | X13: =IF(ISBLANK(Tableau!$AQ$13), "LIBRE", "OCCUPÉ") -> LIBRE | Y13: =IF(ISBLANK(Tableau!$AS$13), "LIBRE", "OCCUPÉ") -> LIBRE | Z13: =IF(ISBLANK(Tableau!$AU$13), "LIBRE", "OCCUPÉ") -> LIBRE | AA13: =IF(ISBLANK(Tableau!$AW$13), "LIBRE", "OCCUPÉ") -> LIBRE | AB13: =IF(ISBLANK(Tableau!$AY13), "LIBRE", "OCCUPÉ") -> LIBRE
A14: =Tableau!A14 -> 113 | B14: =VLOOKUP($A14,LocalisationRemorque,2,0) -> Perwez | C14: =VLOOKUP($A14,LocalisationRemorque,3,0) -> Perwez | D14: =CONCATENATE(VLOOKUP($A14,LocalisationRemorque,6,0)," ► ",VLOOKUP($A14,LocalisationRemorque,5,0)) -> Jodoigne ► E411 | E14: =IF(ISBLANK(Tableau!$E$14), "LIBRE", "OCCUPÉ") -> LIBRE | F14: =IF(ISBLANK(Tableau!$G$14), "LIBRE", "OCCUPÉ") -> LIBRE | G14: =IF(ISBLANK(Tableau!$I$14), "LIBRE", "OCCUPÉ") -> LIBRE | H14: =IF(ISBLANK(Tableau!$K$14), "LIBRE", "OCCUPÉ") -> LIBRE | I14: =IF(ISBLANK(Tableau!$M$14), "LIBRE", "OCCUPÉ") -> LIBRE | J14: =IF(ISBLANK(Tableau!$O$14), "LIBRE", "OCCUPÉ") -> LIBRE | K14: =IF(ISBLANK(Tableau!$Q$14), "LIBRE", "OCCUPÉ") -> LIBRE | L14: =IF(ISBLANK(Tableau!$S$14), "LIBRE", "OCCUPÉ") -> LIBRE | M14: =IF(ISBLANK(Tableau!$U$14), "LIBRE", "OCCUPÉ") -> LIBRE | N14: =IF(ISBLANK(Tableau!$W$14), "LIBRE", "OCCUPÉ") -> LIBRE | O14: =IF(ISBLANK(Tableau!$Y$14), "LIBRE", "OCCUPÉ") -> LIBRE | P14: =IF(ISBLANK(Tableau!$AA$14), "LIBRE", "OCCUPÉ") -> LIBRE | Q14: =IF(ISBLANK(Tableau!$AC$14), "LIBRE", "OCCUPÉ") -> LIBRE | R14: =IF(ISBLANK(Tableau!$AE$14), "LIBRE", "OCCUPÉ") -> LIBRE | S14: =IF(ISBLANK(Tableau!$AG$14), "LIBRE", "OCCUPÉ") -> LIBRE | T14: =IF(ISBLANK(Tableau!$AI$14), "LIBRE", "OCCUPÉ") -> LIBRE | U14: =IF(ISBLANK(Tableau!$AK$14), "LIBRE", "OCCUPÉ") -> LIBRE | V14: =IF(ISBLANK(Tableau!$AM$14), "LIBRE", "OCCUPÉ") -> LIBRE | W14: =IF(ISBLANK(Tableau!$AO$14), "LIBRE", "OCCUPÉ") -> LIBRE | X14: =IF(ISBLANK(Tableau!$AQ$14), "LIBRE", "OCCUPÉ") -> LIBRE | Y14: =IF(ISBLANK(Tableau!$AS$14), "LIBRE", "OCCUPÉ") -> LIBRE | Z14: =IF(ISBLANK(Tableau!$AU$14), "LIBRE", "OCCUPÉ") -> LIBRE | AA14: =IF(ISBLANK(Tableau!$AW$14), "LIBRE", "OCCUPÉ") -> LIBRE | AB14: =IF(ISBLANK(Tableau!$AY14), "LIBRE", "OCCUPÉ") -> LIBRE
A15: =Tableau!A15 -> 114 | B15: =VLOOKUP($A15,LocalisationRemorque,2,0) -> Perwez | C15: =VLOOKUP($A15,LocalisationRemorque,3,0) -> Sortie E411 | D15: =CONCATENATE(VLOOKUP($A15,LocalisationRemorque,6,0)," ► ",VLOOKUP($A15,LocalisationRemorque,5,0)) -> E411 ► Jodoigne
A16: =Tableau!A16 | AB16: =IF(ISBLANK(Tableau!$AY16), "LIBRE", "OCCUPÉ") -> LIBRE
A17: =Tableau!A17 | AB17: =IF(ISBLANK(Tableau!$AY17), "LIBRE", "OCCUPÉ") -> LIBRE
A18: =Tableau!A18 | AB18: =IF(ISBLANK(Tableau!$AY18), "LIBRE", "OCCUPÉ") -> LIBRE
A19: =Tableau!A19 | AB19: =IF(ISBLANK(Tableau!$AY19), "LIBRE", "OCCUPÉ") -> LIBRE
A20: =Tableau!A20 | AB20: =IF(ISBLANK(Tableau!$AY20), "LIBRE", "OCCUPÉ") -> LIBRE
A21: =Tableau!A21 | AB21: =IF(ISBLANK(Tableau!$AY21), "LIBRE", "OCCUPÉ") -> LIBRE
A22: =Tableau!A22 | AB22: =IF(ISBLANK(Tableau!$AY22), "LIBRE", "OCCUPÉ") -> LIBRE
A23: =Tableau!A23 | AB23: =IF(ISBLANK(Tableau!$AY23), "LIBRE", "OCCUPÉ") -> LIBRE
A24: =Tableau!A24 | AB24: =IF(ISBLANK(Tableau!$AY24), "LIBRE", "OCCUPÉ") -> LIBRE
A25: =Tableau!A25 | AB25: =IF(ISBLANK(Tableau!$AY25), "LIBRE", "OCCUPÉ") -> LIBRE
A26: =Tableau!A26 -> 201 | B26: =VLOOKUP($A26,LocalisationRemorque,2,0) -> Hannut | C26: =VLOOKUP($A26,LocalisationRemorque,3,0) -> Hannut-Saint Trond | D26: =CONCATENATE(VLOOKUP($A26,LocalisationRemorque,6,0)," ► ",VLOOKUP($A26,LocalisationRemorque,5,0)) -> Hannut ► Saint-Trond | E26: =IF(ISBLANK(Tableau!$E$26), "LIBRE", "OCCUPÉ") -> LIBRE | F26: =IF(ISBLANK(Tableau!$G$26), "LIBRE", "OCCUPÉ") -> LIBRE | G26: =IF(ISBLANK(Tableau!$I$26), "LIBRE", "OCCUPÉ") -> LIBRE | H26: =IF(ISBLANK(Tableau!$K$26), "LIBRE", "OCCUPÉ") -> LIBRE | I26: =IF(ISBLANK(Tableau!$M$26), "LIBRE", "OCCUPÉ") -> LIBRE | J26: =IF(ISBLANK(Tableau!$O$26), "LIBRE", "OCCUPÉ") -> LIBRE | K26: =IF(ISBLANK(Tableau!$Q$26), "LIBRE", "OCCUPÉ") -> LIBRE | L26: =IF(ISBLANK(Tableau!$S$26), "LIBRE", "OCCUPÉ") -> LIBRE | M26: =IF(ISBLANK(Tableau!$U$26), "LIBRE", "OCCUPÉ") -> LIBRE | N26: =IF(ISBLANK(Tableau!$W$26), "LIBRE", "OCCUPÉ") -> LIBRE | O26: =IF(ISBLANK(Tableau!$Y$26), "LIBRE", "OCCUPÉ") -> LIBRE | P26: =IF(ISBLANK(Tableau!$AA$26), "LIBRE", "OCCUPÉ") -> LIBRE | Q26: =IF(ISBLANK(Tableau!$AC$26), "LIBRE", "OCCUPÉ") -> LIBRE | R26: =IF(ISBLANK(Tableau!$AE$26), "LIBRE", "OCCUPÉ") -> LIBRE | S26: =IF(ISBLANK(Tableau!$AG$26), "LIBRE", "OCCUPÉ") -> LIBRE | T26: =IF(ISBLANK(Tableau!$AI$26), "LIBRE", "OCCUPÉ") -> LIBRE | U26: =IF(ISBLANK(Tableau!$AK$26), "LIBRE", "OCCUPÉ") -> LIBRE | V26: =IF(ISBLANK(Tableau!$AM$26), "LIBRE", "OCCUPÉ") -> LIBRE | W26: =IF(ISBLANK(Tableau!$AO$26), "LIBRE", "OCCUPÉ") -> LIBRE | X26: =IF(ISBLANK(Tableau!$AQ$26), "LIBRE", "OCCUPÉ") -> LIBRE | Y26: =IF(ISBLANK(Tableau!$AS$26), "LIBRE", "OCCUPÉ") -> LIBRE | Z26: =IF(ISBLANK(Tableau!$AU$26), "LIBRE", "OCCUPÉ") -> LIBRE | AA26: =IF(ISBLANK(Tableau!$AW$26), "LIBRE", "OCCUPÉ") -> LIBRE | AB26: =IF(ISBLANK(Tableau!$AY26), "LIBRE", "OCCUPÉ") -> LIBRE
A27: =Tableau!A27 -> 202 | B27: =VLOOKUP($A27,LocalisationRemorque,2,0) -> Hannut | C27: =VLOOKUP($A27,LocalisationRemorque,3,0) -> Braives | D27: =CONCATENATE(VLOOKUP($A27,LocalisationRemorque,6,0)," ► ",VLOOKUP($A27,LocalisationRemorque,5,0)) -> Hannut ► E42 | E27: =IF(ISBLANK(Tableau!$E$27), "LIBRE", "OCCUPÉ") -> LIBRE | F27: =IF(ISBLANK(Tableau!$G$27), "LIBRE", "OCCUPÉ") -> LIBRE | G27: =IF(ISBLANK(Tableau!$I$27), "LIBRE", "OCCUPÉ") -> LIBRE | H27: =IF(ISBLANK(Tableau!$K$27), "LIBRE", "OCCUPÉ") -> LIBRE | I27: =IF(ISBLANK(Tableau!$M$27), "LIBRE", "OCCUPÉ") -> LIBRE | J27: =IF(ISBLANK(Tableau!$O$27), "LIBRE", "OCCUPÉ") -> LIBRE | K27: =IF(ISBLANK(Tableau!$Q$27), "LIBRE", "OCCUPÉ") -> LIBRE | L27: =IF(ISBLANK(Tableau!$S$27), "LIBRE", "OCCUPÉ") -> LIBRE | M27: =IF(ISBLANK(Tableau!$U$27), "LIBRE", "OCCUPÉ") -> LIBRE | N27: =IF(ISBLANK(Tableau!$W$27), "LIBRE", "OCCUPÉ") -> LIBRE | O27: =IF(ISBLANK(Tableau!$Y$27), "LIBRE", "OCCUPÉ") -> LIBRE | P27: =IF(ISBLANK(Tableau!$AA$27), "LIBRE", "OCCUPÉ") -> LIBRE | Q27: =IF(ISBLANK(Tableau!$AC$27), "LIBRE", "OCCUPÉ") -> LIBRE | R27: =IF(ISBLANK(Tableau!$AE$27), "LIBRE", "OCCUPÉ") -> LIBRE | S27: =IF(ISBLANK(Tableau!$AG$27), "LIBRE", "OCCUPÉ") -> LIBRE | T27: =IF(ISBLANK(Tableau!$AI$27), "LIBRE", "OCCUPÉ") -> LIBRE | U27: =IF(ISBLANK(Tableau!$AK$27), "LIBRE", "OCCUPÉ") -> LIBRE | V27: =IF(ISBLANK(Tableau!$AM$27), "LIBRE", "OCCUPÉ") -> LIBRE | W27: =IF(ISBLANK(Tableau!$AO$27), "LIBRE", "OCCUPÉ") -> LIBRE | X27: =IF(ISBLANK(Tableau!$AQ$27), "LIBRE", "OCCUPÉ") -> LIBRE | Y27: =IF(ISBLANK(Tableau!$AS$27), "LIBRE", "OCCUPÉ") -> LIBRE | Z27: =IF(ISBLANK(Tableau!$AU$27), "LIBRE", "OCCUPÉ") -> LIBRE | AA27: =IF(ISBLANK(Tableau!$AW$27), "LIBRE", "OCCUPÉ") -> LIBRE | AB27: =IF(ISBLANK(Tableau!$AY27), "LIBRE", "OCCUPÉ") -> LIBRE
A28: =Tableau!A28 -> 203 | B28: =VLOOKUP($A28,LocalisationRemorque,2,0) -> Huy | C28: =VLOOKUP($A28,LocalisationRemorque,3,0) -> Wanze | D28: =CONCATENATE(VLOOKUP($A28,LocalisationRemorque,6,0)," ► ",VLOOKUP($A28,LocalisationRemorque,5,0)) -> Éghezée ► E42 | E28: =IF(ISBLANK(Tableau!$E$28), "LIBRE", "OCCUPÉ") -> OCCUPÉ | F28: =IF(ISBLANK(Tableau!$G$28), "LIBRE", "OCCUPÉ") -> LIBRE | G28: =IF(ISBLANK(Tableau!$I$28), "LIBRE", "OCCUPÉ") -> OCCUPÉ | H28: =IF(ISBLANK(Tableau!$K$28), "LIBRE", "OCCUPÉ") -> LIBRE | I28: =IF(ISBLANK(Tableau!$M$28), "LIBRE", "OCCUPÉ") -> OCCUPÉ | J28: =IF(ISBLANK(Tableau!$O$28), "LIBRE", "OCCUPÉ") -> LIBRE | K28: =IF(ISBLANK(Tableau!$Q$28), "LIBRE", "OCCUPÉ") -> OCCUPÉ | L28: =IF(ISBLANK(Tableau!$S$28), "LIBRE", "OCCUPÉ") -> LIBRE | M28: =IF(ISBLANK(Tableau!$U$28), "LIBRE", "OCCUPÉ") -> OCCUPÉ | N28: =IF(ISBLANK(Tableau!$W$28), "LIBRE", "OCCUPÉ") -> LIBRE | O28: =IF(ISBLANK(Tableau!$Y$28), "LIBRE", "OCCUPÉ") -> LIBRE | P28: =IF(ISBLANK(Tableau!$AA$28), "LIBRE", "OCCUPÉ") -> LIBRE | Q28: =IF(ISBLANK(Tableau!$AC$28), "LIBRE", "OCCUPÉ") -> LIBRE | R28: =IF(ISBLANK(Tableau!$AE$28), "LIBRE", "OCCUPÉ") -> LIBRE | S28: =IF(ISBLANK(Tableau!$AG$28), "LIBRE", "OCCUPÉ") -> LIBRE | T28: =IF(ISBLANK(Tableau!$AI$28), "LIBRE", "OCCUPÉ") -> LIBRE | U28: =IF(ISBLANK(Tableau!$AK$28), "LIBRE", "OCCUPÉ") -> LIBRE | V28: =IF(ISBLANK(Tableau!$AM$28), "LIBRE", "OCCUPÉ") -> LIBRE | W28: =IF(ISBLANK(Tableau!$AO$28), "LIBRE", "OCCUPÉ") -> LIBRE | X28: =IF(ISBLANK(Tableau!$AQ$28), "LIBRE", "OCCUPÉ") -> LIBRE | Y28: =IF(ISBLANK(Tableau!$AS$28), "LIBRE", "OCCUPÉ") -> LIBRE | Z28: =IF(ISBLANK(Tableau!$AU$28), "LIBRE", "OCCUPÉ") -> LIBRE | AA28: =IF(ISBLANK(Tableau!$AW$28), "LIBRE", "OCCUPÉ") -> LIBRE | AB28: =IF(ISBLANK(Tableau!$AY28), "LIBRE", "OCCUPÉ") -> LIBRE | AC28: Plopsa
A29: =Tableau!A29 -> 204 | B29: =VLOOKUP($A29,LocalisationRemorque,2,0) -> Huy | C29: =VLOOKUP($A29,LocalisationRemorque,3,0) -> Vinalmont | D29: =CONCATENATE(VLOOKUP($A29,LocalisationRemorque,6,0)," ► ",VLOOKUP($A29,LocalisationRemorque,5,0)) -> Huy ► E42 | E29: =IF(ISBLANK(Tableau!$E$29), "LIBRE", "OCCUPÉ") -> OCCUPÉ | F29: =IF(ISBLANK(Tableau!$G$29), "LIBRE", "OCCUPÉ") -> LIBRE | G29: =IF(ISBLANK(Tableau!$I$29), "LIBRE", "OCCUPÉ") -> OCCUPÉ | H29: =IF(ISBLANK(Tableau!$K$29), "LIBRE", "OCCUPÉ") -> LIBRE | I29: =IF(ISBLANK(Tableau!$M$29), "LIBRE", "OCCUPÉ") -> OCCUPÉ | J29: =IF(ISBLANK(Tableau!$O$29), "LIBRE", "OCCUPÉ") -> LIBRE | K29: =IF(ISBLANK(Tableau!$Q$29), "LIBRE", "OCCUPÉ") -> OCCUPÉ | L29: =IF(ISBLANK(Tableau!$S$29), "LIBRE", "OCCUPÉ") -> LIBRE | M29: =IF(ISBLANK(Tableau!$U$29), "LIBRE", "OCCUPÉ") -> OCCUPÉ | N29: =IF(ISBLANK(Tableau!$W$29), "LIBRE", "OCCUPÉ") -> LIBRE | O29: =IF(ISBLANK(Tableau!$Y$29), "LIBRE", "OCCUPÉ") -> LIBRE | P29: =IF(ISBLANK(Tableau!$AA$29), "LIBRE", "OCCUPÉ") -> LIBRE | Q29: =IF(ISBLANK(Tableau!$AC$29), "LIBRE", "OCCUPÉ") -> LIBRE | R29: =IF(ISBLANK(Tableau!$AE$29), "LIBRE", "OCCUPÉ") -> LIBRE | S29: =IF(ISBLANK(Tableau!$AG$29), "LIBRE", "OCCUPÉ") -> LIBRE | T29: =IF(ISBLANK(Tableau!$AI$29), "LIBRE", "OCCUPÉ") -> LIBRE | U29: =IF(ISBLANK(Tableau!$AK$29), "LIBRE", "OCCUPÉ") -> LIBRE | V29: =IF(ISBLANK(Tableau!$AM$29), "LIBRE", "OCCUPÉ") -> LIBRE | W29: =IF(ISBLANK(Tableau!$AO$29), "LIBRE", "OCCUPÉ") -> LIBRE | X29: =IF(ISBLANK(Tableau!$AQ$29), "LIBRE", "OCCUPÉ") -> LIBRE | Y29: =IF(ISBLANK(Tableau!$AS$29), "LIBRE", "OCCUPÉ") -> LIBRE | Z29: =IF(ISBLANK(Tableau!$AU$29), "LIBRE", "OCCUPÉ") -> LIBRE | AA29: =IF(ISBLANK(Tableau!$AW$29), "LIBRE", "OCCUPÉ") -> LIBRE | AB29: =IF(ISBLANK(Tableau!$AY29), "LIBRE", "OCCUPÉ") -> LIBRE | AC29: Plopsa
A30: =Tableau!A30 -> 205 | B30: =VLOOKUP($A30,LocalisationRemorque,2,0) -> Huy | C30: =VLOOKUP($A30,LocalisationRemorque,3,0) -> Villers-Le-Bouillet | D30: =CONCATENATE(VLOOKUP($A30,LocalisationRemorque,6,0)," ► ",VLOOKUP($A30,LocalisationRemorque,5,0)) -> Huy ► E42 | E30: =IF(ISBLANK(Tableau!$E$30), "LIBRE", "OCCUPÉ") -> OCCUPÉ | F30: =IF(ISBLANK(Tableau!$G$30), "LIBRE", "OCCUPÉ") -> LIBRE | G30: =IF(ISBLANK(Tableau!$I$30), "LIBRE", "OCCUPÉ") -> OCCUPÉ | H30: =IF(ISBLANK(Tableau!$K$30), "LIBRE", "OCCUPÉ") -> LIBRE | I30: =IF(ISBLANK(Tableau!$M$30), "LIBRE", "OCCUPÉ") -> OCCUPÉ | J30: =IF(ISBLANK(Tableau!$O$30), "LIBRE", "OCCUPÉ") -> LIBRE | K30: =IF(ISBLANK(Tableau!$Q$30), "LIBRE", "OCCUPÉ") -> OCCUPÉ | L30: =IF(ISBLANK(Tableau!$S$30), "LIBRE", "OCCUPÉ") -> LIBRE | M30: =IF(ISBLANK(Tableau!$U$30), "LIBRE", "OCCUPÉ") -> OCCUPÉ | N30: =IF(ISBLANK(Tableau!$W$30), "LIBRE", "OCCUPÉ") -> LIBRE | O30: =IF(ISBLANK(Tableau!$Y$30), "LIBRE", "OCCUPÉ") -> LIBRE | P30: =IF(ISBLANK(Tableau!$AA$30), "LIBRE", "OCCUPÉ") -> LIBRE | Q30: =IF(ISBLANK(Tableau!$AC$30), "LIBRE", "OCCUPÉ") -> LIBRE | R30: =IF(ISBLANK(Tableau!$AE$30), "LIBRE", "OCCUPÉ") -> LIBRE | S30: =IF(ISBLANK(Tableau!$AG$30), "LIBRE", "OCCUPÉ") -> LIBRE | T30: =IF(ISBLANK(Tableau!$AI$30), "LIBRE", "OCCUPÉ") -> LIBRE | U30: =IF(ISBLANK(Tableau!$AK$30), "LIBRE", "OCCUPÉ") -> LIBRE | V30: =IF(ISBLANK(Tableau!$AM$30), "LIBRE", "OCCUPÉ") -> LIBRE | W30: =IF(ISBLANK(Tableau!$AO$30), "LIBRE", "OCCUPÉ") -> LIBRE | X30: =IF(ISBLANK(Tableau!$AQ$30), "LIBRE", "OCCUPÉ") -> LIBRE | Y30: =IF(ISBLANK(Tableau!$AS$30), "LIBRE", "OCCUPÉ") -> LIBRE | Z30: =IF(ISBLANK(Tableau!$AU$30), "LIBRE", "OCCUPÉ") -> LIBRE | AA30: =IF(ISBLANK(Tableau!$AW$30), "LIBRE", "OCCUPÉ") -> LIBRE | AB30: =IF(ISBLANK(Tableau!$AY30), "LIBRE", "OCCUPÉ") -> LIBRE | AC30: Plopsa
A31: =Tableau!A31 -> 206 | B31: =VLOOKUP($A31,LocalisationRemorque,2,0) -> Huy | C31: =VLOOKUP($A31,LocalisationRemorque,3,0) -> Ombret | D31: =CONCATENATE(VLOOKUP($A31,LocalisationRemorque,6,0)," ► ",VLOOKUP($A31,LocalisationRemorque,5,0)) -> Seraing ► Huy | E31: =IF(ISBLANK(Tableau!$E$31), "LIBRE", "OCCUPÉ") -> OCCUPÉ | F31: =IF(ISBLANK(Tableau!$G$31), "LIBRE", "OCCUPÉ") -> LIBRE | G31: =IF(ISBLANK(Tableau!$I$31), "LIBRE", "OCCUPÉ") -> OCCUPÉ | H31: =IF(ISBLANK(Tableau!$K$31), "LIBRE", "OCCUPÉ") -> LIBRE | I31: =IF(ISBLANK(Tableau!$M$31), "LIBRE", "OCCUPÉ") -> OCCUPÉ | J31: =IF(ISBLANK(Tableau!$O$31), "LIBRE", "OCCUPÉ") -> LIBRE | K31: =IF(ISBLANK(Tableau!$Q$31), "LIBRE", "OCCUPÉ") -> OCCUPÉ | L31: =IF(ISBLANK(Tableau!$S$31), "LIBRE", "OCCUPÉ") -> LIBRE | M31: =IF(ISBLANK(Tableau!$U$31), "LIBRE", "OCCUPÉ") -> OCCUPÉ | N31: =IF(ISBLANK(Tableau!$W$31), "LIBRE", "OCCUPÉ") -> LIBRE | O31: =IF(ISBLANK(Tableau!$Y$31), "LIBRE", "OCCUPÉ") -> LIBRE | P31: =IF(ISBLANK(Tableau!$AA$31), "LIBRE", "OCCUPÉ") -> LIBRE | Q31: =IF(ISBLANK(Tableau!$AC$31), "LIBRE", "OCCUPÉ") -> LIBRE | R31: =IF(ISBLANK(Tableau!$AE$31), "LIBRE", "OCCUPÉ") -> LIBRE | S31: =IF(ISBLANK(Tableau!$AG$31), "LIBRE", "OCCUPÉ") -> LIBRE | T31: =IF(ISBLANK(Tableau!$AI$31), "LIBRE", "OCCUPÉ") -> LIBRE | U31: =IF(ISBLANK(Tableau!$AK$31), "LIBRE", "OCCUPÉ") -> LIBRE | V31: =IF(ISBLANK(Tableau!$AM$31), "LIBRE", "OCCUPÉ") -> LIBRE | W31: =IF(ISBLANK(Tableau!$AO$31), "LIBRE", "OCCUPÉ") -> LIBRE | X31: =IF(ISBLANK(Tableau!$AQ$31), "LIBRE", "OCCUPÉ") -> LIBRE | Y31: =IF(ISBLANK(Tableau!$AS$31), "LIBRE", "OCCUPÉ") -> LIBRE | Z31: =IF(ISBLANK(Tableau!$AU$31), "LIBRE", "OCCUPÉ") -> LIBRE | AA31: =IF(ISBLANK(Tableau!$AW$31), "LIBRE", "OCCUPÉ") -> LIBRE | AB31: =IF(ISBLANK(Tableau!$AY31), "LIBRE", "OCCUPÉ") -> LIBRE | AC31: Plopsa
A32: =Tableau!A32 -> 207 | B32: =VLOOKUP($A32,LocalisationRemorque,2,0) -> Huy | C32: =VLOOKUP($A32,LocalisationRemorque,3,0) -> Solière | D32: =CONCATENATE(VLOOKUP($A32,LocalisationRemorque,6,0)," ► ",VLOOKUP($A32,LocalisationRemorque,5,0)) -> Ohey ► Huy | E32: =IF(ISBLANK(Tableau!$E$32), "LIBRE", "OCCUPÉ") -> OCCUPÉ | F32: =IF(ISBLANK(Tableau!$G$32), "LIBRE", "OCCUPÉ") -> LIBRE | G32: =IF(ISBLANK(Tableau!$I$32), "LIBRE", "OCCUPÉ") -> OCCUPÉ | H32: =IF(ISBLANK(Tableau!$K$32), "LIBRE", "OCCUPÉ") -> LIBRE | I32: =IF(ISBLANK(Tableau!$M$32), "LIBRE", "OCCUPÉ") -> OCCUPÉ | J32: =IF(ISBLANK(Tableau!$O$32), "LIBRE", "OCCUPÉ") -> LIBRE | K32: =IF(ISBLANK(Tableau!$Q$32), "LIBRE", "OCCUPÉ") -> OCCUPÉ | L32: =IF(ISBLANK(Tableau!$S$32), "LIBRE", "OCCUPÉ") -> LIBRE | M32: =IF(ISBLANK(Tableau!$U$32), "LIBRE", "OCCUPÉ") -> OCCUPÉ | N32: =IF(ISBLANK(Tableau!$W$32), "LIBRE", "OCCUPÉ") -> LIBRE | O32: =IF(ISBLANK(Tableau!$Y$32), "LIBRE", "OCCUPÉ") -> LIBRE | P32: =IF(ISBLANK(Tableau!$AA$32), "LIBRE", "OCCUPÉ") -> LIBRE | Q32: =IF(ISBLANK(Tableau!$AC$32), "LIBRE", "OCCUPÉ") -> LIBRE | R32: =IF(ISBLANK(Tableau!$AE$32), "LIBRE", "OCCUPÉ") -> LIBRE | S32: =IF(ISBLANK(Tableau!$AG$32), "LIBRE", "OCCUPÉ") -> LIBRE | T32: =IF(ISBLANK(Tableau!$AI$32), "LIBRE", "OCCUPÉ") -> LIBRE | U32: =IF(ISBLANK(Tableau!$AK$32), "LIBRE", "OCCUPÉ") -> LIBRE | V32: =IF(ISBLANK(Tableau!$AM$32), "LIBRE", "OCCUPÉ") -> LIBRE | W32: =IF(ISBLANK(Tableau!$AO$32), "LIBRE", "OCCUPÉ") -> LIBRE | X32: =IF(ISBLANK(Tableau!$AQ$32), "LIBRE", "OCCUPÉ") -> LIBRE | Y32: =IF(ISBLANK(Tableau!$AS$32), "LIBRE", "OCCUPÉ") -> LIBRE | Z32: =IF(ISBLANK(Tableau!$AU$32), "LIBRE", "OCCUPÉ") -> LIBRE | AA32: =IF(ISBLANK(Tableau!$AW$32), "LIBRE", "OCCUPÉ") -> LIBRE | AB32: =IF(ISBLANK(Tableau!$AY32), "LIBRE", "OCCUPÉ") -> LIBRE | AC32: Plopsa
A33: =Tableau!A33 -> 208 | B33: =VLOOKUP($A33,LocalisationRemorque,2,0) -> Huy | C33: =VLOOKUP($A33,LocalisationRemorque,3,0) -> Tihange | D33: =CONCATENATE(VLOOKUP($A33,LocalisationRemorque,6,0)," ► ",VLOOKUP($A33,LocalisationRemorque,5,0)) -> Hamoir ► Huy | E33: =IF(ISBLANK(Tableau!$E$33), "LIBRE", "OCCUPÉ") -> OCCUPÉ | F33: =IF(ISBLANK(Tableau!$G$33), "LIBRE", "OCCUPÉ") -> LIBRE | G33: =IF(ISBLANK(Tableau!$I$33), "LIBRE", "OCCUPÉ") -> OCCUPÉ | H33: =IF(ISBLANK(Tableau!$K$33), "LIBRE", "OCCUPÉ") -> LIBRE | I33: =IF(ISBLANK(Tableau!$M$33), "LIBRE", "OCCUPÉ") -> OCCUPÉ | J33: =IF(ISBLANK(Tableau!$O$33), "LIBRE", "OCCUPÉ") -> LIBRE | K33: =IF(ISBLANK(Tableau!$Q$33), "LIBRE", "OCCUPÉ") -> OCCUPÉ | L33: =IF(ISBLANK(Tableau!$S$33), "LIBRE", "OCCUPÉ") -> LIBRE | M33: =IF(ISBLANK(Tableau!$U$33), "LIBRE", "OCCUPÉ") -> OCCUPÉ | N33: =IF(ISBLANK(Tableau!$W$33), "LIBRE", "OCCUPÉ") -> LIBRE | O33: =IF(ISBLANK(Tableau!$Y$33), "LIBRE", "OCCUPÉ") -> LIBRE | P33: =IF(ISBLANK(Tableau!$AA$33), "LIBRE", "OCCUPÉ") -> LIBRE | Q33: =IF(ISBLANK(Tableau!$AC$33), "LIBRE", "OCCUPÉ") -> LIBRE | R33: =IF(ISBLANK(Tableau!$AE$33), "LIBRE", "OCCUPÉ") -> LIBRE | S33: =IF(ISBLANK(Tableau!$AG$33), "LIBRE", "OCCUPÉ") -> LIBRE | T33: =IF(ISBLANK(Tableau!$AI$33), "LIBRE", "OCCUPÉ") -> LIBRE | U33: =IF(ISBLANK(Tableau!$AK$33), "LIBRE", "OCCUPÉ") -> LIBRE | V33: =IF(ISBLANK(Tableau!$AM$33), "LIBRE", "OCCUPÉ") -> LIBRE | W33: =IF(ISBLANK(Tableau!$AO$33), "LIBRE", "OCCUPÉ") -> LIBRE | X33: =IF(ISBLANK(Tableau!$AQ$33), "LIBRE", "OCCUPÉ") -> LIBRE | Y33: =IF(ISBLANK(Tableau!$AS$33), "LIBRE", "OCCUPÉ") -> LIBRE | Z33: =IF(ISBLANK(Tableau!$AU$33), "LIBRE", "OCCUPÉ") -> LIBRE | AA33: =IF(ISBLANK(Tableau!$AW$33), "LIBRE", "OCCUPÉ") -> LIBRE | AB33: =IF(ISBLANK(Tableau!$AY33), "LIBRE", "OCCUPÉ") -> LIBRE | AC33: Plopsa
A34: =Tableau!A34 -> 209 | B34: =VLOOKUP($A34,LocalisationRemorque,2,0) -> Huy | C34: =VLOOKUP($A34,LocalisationRemorque,3,0) -> Pont de bonne | D34: =CONCATENATE(VLOOKUP($A34,LocalisationRemorque,6,0)," ► ",VLOOKUP($A34,LocalisationRemorque,5,0)) -> Havelange ► Huy | E34: =IF(ISBLANK(Tableau!$E$34), "LIBRE", "OCCUPÉ") -> OCCUPÉ | F34: =IF(ISBLANK(Tableau!$G$34), "LIBRE", "OCCUPÉ") -> LIBRE | G34: =IF(ISBLANK(Tableau!$I$34), "LIBRE", "OCCUPÉ") -> OCCUPÉ | H34: =IF(ISBLANK(Tableau!$K$34), "LIBRE", "OCCUPÉ") -> LIBRE | I34: =IF(ISBLANK(Tableau!$M$34), "LIBRE", "OCCUPÉ") -> OCCUPÉ | J34: =IF(ISBLANK(Tableau!$O$34), "LIBRE", "OCCUPÉ") -> LIBRE | K34: =IF(ISBLANK(Tableau!$Q$34), "LIBRE", "OCCUPÉ") -> OCCUPÉ | L34: =IF(ISBLANK(Tableau!$S$34), "LIBRE", "OCCUPÉ") -> LIBRE | M34: =IF(ISBLANK(Tableau!$U$34), "LIBRE", "OCCUPÉ") -> OCCUPÉ | N34: =IF(ISBLANK(Tableau!$W$34), "LIBRE", "OCCUPÉ") -> LIBRE | O34: =IF(ISBLANK(Tableau!$Y$34), "LIBRE", "OCCUPÉ") -> LIBRE | P34: =IF(ISBLANK(Tableau!$AA$34), "LIBRE", "OCCUPÉ") -> LIBRE | Q34: =IF(ISBLANK(Tableau!$AC$34), "LIBRE", "OCCUPÉ") -> LIBRE | R34: =IF(ISBLANK(Tableau!$AE$34), "LIBRE", "OCCUPÉ") -> LIBRE | S34: =IF(ISBLANK(Tableau!$AG$34), "LIBRE", "OCCUPÉ") -> LIBRE | T34: =IF(ISBLANK(Tableau!$AI$34), "LIBRE", "OCCUPÉ") -> LIBRE | U34: =IF(ISBLANK(Tableau!$AK$34), "LIBRE", "OCCUPÉ") -> LIBRE | V34: =IF(ISBLANK(Tableau!$AM$34), "LIBRE", "OCCUPÉ") -> LIBRE | W34: =IF(ISBLANK(Tableau!$AO$34), "LIBRE", "OCCUPÉ") -> LIBRE | X34: =IF(ISBLANK(Tableau!$AQ$34), "LIBRE", "OCCUPÉ") -> LIBRE | Y34: =IF(ISBLANK(Tableau!$AS$34), "LIBRE", "OCCUPÉ") -> LIBRE | Z34: =IF(ISBLANK(Tableau!$AU$34), "LIBRE", "OCCUPÉ") -> LIBRE | AA34: =IF(ISBLANK(Tableau!$AW$34), "LIBRE", "OCCUPÉ") -> LIBRE | AB34: =IF(ISBLANK(Tableau!$AY34), "LIBRE", "OCCUPÉ") -> LIBRE | AC34: Plopsa
A35: =Tableau!A35 -> 210 | B35: =VLOOKUP($A35,LocalisationRemorque,2,0) -> Huy | C35: =VLOOKUP($A35,LocalisationRemorque,3,0) -> Nandrin | D35: =CONCATENATE(VLOOKUP($A35,LocalisationRemorque,6,0)," ► ",VLOOKUP($A35,LocalisationRemorque,5,0)) -> Marche-en-Famenne ► Liege | E35: =IF(ISBLANK(Tableau!$E$35), "LIBRE", "OCCUPÉ") -> OCCUPÉ | F35: =IF(ISBLANK(Tableau!$G$35), "LIBRE", "OCCUPÉ") -> LIBRE | G35: =IF(ISBLANK(Tableau!$I$35), "LIBRE", "OCCUPÉ") -> OCCUPÉ | H35: =IF(ISBLANK(Tableau!$K$35), "LIBRE", "OCCUPÉ") -> LIBRE | I35: =IF(ISBLANK(Tableau!$M$35), "LIBRE", "OCCUPÉ") -> OCCUPÉ | J35: =IF(ISBLANK(Tableau!$O$35), "LIBRE", "OCCUPÉ") -> LIBRE | K35: =IF(ISBLANK(Tableau!$Q$35), "LIBRE", "OCCUPÉ") -> OCCUPÉ | L35: =IF(ISBLANK(Tableau!$S$35), "LIBRE", "OCCUPÉ") -> LIBRE | M35: =IF(ISBLANK(Tableau!$U$35), "LIBRE", "OCCUPÉ") -> OCCUPÉ | N35: =IF(ISBLANK(Tableau!$W$35), "LIBRE", "OCCUPÉ") -> LIBRE | O35: =IF(ISBLANK(Tableau!$Y$35), "LIBRE", "OCCUPÉ") -> LIBRE | P35: =IF(ISBLANK(Tableau!$AA$35), "LIBRE", "OCCUPÉ") -> LIBRE | Q35: =IF(ISBLANK(Tableau!$AC$35), "LIBRE", "OCCUPÉ") -> OCCUPÉ | R35: =IF(ISBLANK(Tableau!$AE$35), "LIBRE", "OCCUPÉ") -> LIBRE | S35: =IF(ISBLANK(Tableau!$AG$35), "LIBRE", "OCCUPÉ") -> OCCUPÉ | T35: =IF(ISBLANK(Tableau!$AI$35), "LIBRE", "OCCUPÉ") -> LIBRE | U35: =IF(ISBLANK(Tableau!$AK$35), "LIBRE", "OCCUPÉ") -> LIBRE | V35: =IF(ISBLANK(Tableau!$AM$35), "LIBRE", "OCCUPÉ") -> LIBRE | W35: =IF(ISBLANK(Tableau!$AO$35), "LIBRE", "OCCUPÉ") -> OCCUPÉ | X35: =IF(ISBLANK(Tableau!$AQ$35), "LIBRE", "OCCUPÉ") -> LIBRE | Y35: =IF(ISBLANK(Tableau!$AS$35), "LIBRE", "OCCUPÉ") -> LIBRE | Z35: =IF(ISBLANK(Tableau!$AU$35), "LIBRE", "OCCUPÉ") -> LIBRE | AA35: =IF(ISBLANK(Tableau!$AW$35), "LIBRE", "OCCUPÉ") -> LIBRE | AB35: =IF(ISBLANK(Tableau!$AY35), "LIBRE", "OCCUPÉ") -> LIBRE | AC35: Plopsa
A36: =Tableau!A36 -> 211 | B36: =VLOOKUP($A36,LocalisationRemorque,2,0) -> Huy | C36: =VLOOKUP($A36,LocalisationRemorque,3,0) -> Soheit-Tinlot | D36: =CONCATENATE(VLOOKUP($A36,LocalisationRemorque,6,0)," ► ",VLOOKUP($A36,LocalisationRemorque,5,0)) -> Marche-en-Famenne ► Liege | E36: =IF(ISBLANK(Tableau!$E$36), "LIBRE", "OCCUPÉ") -> OCCUPÉ | F36: =IF(ISBLANK(Tableau!$G$36), "LIBRE", "OCCUPÉ") -> LIBRE | G36: =IF(ISBLANK(Tableau!$I$36), "LIBRE", "OCCUPÉ") -> OCCUPÉ | H36: =IF(ISBLANK(Tableau!$K$36), "LIBRE", "OCCUPÉ") -> LIBRE | I36: =IF(ISBLANK(Tableau!$M$36), "LIBRE", "OCCUPÉ") -> OCCUPÉ | J36: =IF(ISBLANK(Tableau!$O$52), "LIBRE", "OCCUPÉ") -> LIBRE | K36: =IF(ISBLANK(Tableau!$Q$36), "LIBRE", "OCCUPÉ") -> OCCUPÉ | L36: =IF(ISBLANK(Tableau!$S$36), "LIBRE", "OCCUPÉ") -> LIBRE | M36: =IF(ISBLANK(Tableau!$U$36), "LIBRE", "OCCUPÉ") -> OCCUPÉ | N36: =IF(ISBLANK(Tableau!$W$36), "LIBRE", "OCCUPÉ") -> LIBRE | O36: =IF(ISBLANK(Tableau!$Y$36), "LIBRE", "OCCUPÉ") -> LIBRE | P36: =IF(ISBLANK(Tableau!$AA$36), "LIBRE", "OCCUPÉ") -> LIBRE | Q36: =IF(ISBLANK(Tableau!$AC$36), "LIBRE", "OCCUPÉ") -> LIBRE | R36: =IF(ISBLANK(Tableau!$AE$36), "LIBRE", "OCCUPÉ") -> LIBRE | S36: =IF(ISBLANK(Tableau!$AG$36), "LIBRE", "OCCUPÉ") -> LIBRE | T36: =IF(ISBLANK(Tableau!$AI$36), "LIBRE", "OCCUPÉ") -> LIBRE | U36: =IF(ISBLANK(Tableau!$AK$36), "LIBRE", "OCCUPÉ") -> LIBRE | V36: =IF(ISBLANK(Tableau!$AM$36), "LIBRE", "OCCUPÉ") -> LIBRE | W36: =IF(ISBLANK(Tableau!$AO$36), "LIBRE", "OCCUPÉ") -> LIBRE | X36: =IF(ISBLANK(Tableau!$AQ$36), "LIBRE", "OCCUPÉ") -> LIBRE | Y36: =IF(ISBLANK(Tableau!$AS$36), "LIBRE", "OCCUPÉ") -> LIBRE | Z36: =IF(ISBLANK(Tableau!$AU$36), "LIBRE", "OCCUPÉ") -> LIBRE | AA36: =IF(ISBLANK(Tableau!$AW$36), "LIBRE", "OCCUPÉ") -> LIBRE | AB36: =IF(ISBLANK(Tableau!$AY36), "LIBRE", "OCCUPÉ") -> LIBRE | AC36: Plopsa
A37: =Tableau!A37 -> 212 | B37: =VLOOKUP($A37,LocalisationRemorque,2,0) -> Flemalle | C37: =VLOOKUP($A37,LocalisationRemorque,3,0) -> Pont dYvoz-Ramet | D37: =CONCATENATE(VLOOKUP($A37,LocalisationRemorque,6,0)," ► ",VLOOKUP($A37,LocalisationRemorque,5,0)) -> Liège ► Huy | E37: =IF(ISBLANK(Tableau!$E$37), "LIBRE", "OCCUPÉ") -> LIBRE | F37: =IF(ISBLANK(Tableau!$G$37), "LIBRE", "OCCUPÉ") -> LIBRE | G37: =IF(ISBLANK(Tableau!$I$37), "LIBRE", "OCCUPÉ") -> LIBRE | H37: =IF(ISBLANK(Tableau!$K$37), "LIBRE", "OCCUPÉ") -> LIBRE | I37: =IF(ISBLANK(Tableau!$M$37), "LIBRE", "OCCUPÉ") -> LIBRE | J37: =IF(ISBLANK(Tableau!$O$37), "LIBRE", "OCCUPÉ") -> LIBRE | K37: =IF(ISBLANK(Tableau!$Q$37), "LIBRE", "OCCUPÉ") -> LIBRE | L37: =IF(ISBLANK(Tableau!$S$37), "LIBRE", "OCCUPÉ") -> LIBRE | M37: =IF(ISBLANK(Tableau!$U$37), "LIBRE", "OCCUPÉ") -> LIBRE | N37: =IF(ISBLANK(Tableau!$W$37), "LIBRE", "OCCUPÉ") -> LIBRE | O37: =IF(ISBLANK(Tableau!$Y$37), "LIBRE", "OCCUPÉ") -> LIBRE | P37: =IF(ISBLANK(Tableau!$AA$37), "LIBRE", "OCCUPÉ") -> LIBRE | Q37: =IF(ISBLANK(Tableau!$AC$37), "LIBRE", "OCCUPÉ") -> LIBRE | R37: =IF(ISBLANK(Tableau!$AE$37), "LIBRE", "OCCUPÉ") -> LIBRE | S37: =IF(ISBLANK(Tableau!$AG$37), "LIBRE", "OCCUPÉ") -> LIBRE | T37: =IF(ISBLANK(Tableau!$AI$37), "LIBRE", "OCCUPÉ") -> LIBRE | U37: =IF(ISBLANK(Tableau!$AK$37), "LIBRE", "OCCUPÉ") -> LIBRE | V37: =IF(ISBLANK(Tableau!$AM$37), "LIBRE", "OCCUPÉ") -> LIBRE | W37: =IF(ISBLANK(Tableau!$AO$37), "LIBRE", "OCCUPÉ") -> LIBRE | X37: =IF(ISBLANK(Tableau!$AQ$37), "LIBRE", "OCCUPÉ") -> LIBRE | Y37: =IF(ISBLANK(Tableau!$AS$37), "LIBRE", "OCCUPÉ") -> LIBRE | Z37: =IF(ISBLANK(Tableau!$AU$37), "LIBRE", "OCCUPÉ") -> LIBRE | AA37: =IF(ISBLANK(Tableau!$AW$37), "LIBRE", "OCCUPÉ") -> LIBRE | AB37: =IF(ISBLANK(Tableau!$AY37), "LIBRE", "OCCUPÉ") -> LIBRE
A38: =Tableau!A38 -> 213 | B38: =VLOOKUP($A38,LocalisationRemorque,2,0) -> Fexhe-le-Haut-Clocher | C38: =VLOOKUP($A38,LocalisationRemorque,3,0) -> Simonis | D38: =CONCATENATE(VLOOKUP($A38,LocalisationRemorque,6,0)," ► ",VLOOKUP($A38,LocalisationRemorque,5,0)) -> Waremme ► Bierset | E38: =IF(ISBLANK(Tableau!$E$38), "LIBRE", "OCCUPÉ") -> LIBRE | F38: =IF(ISBLANK(Tableau!$G$38), "LIBRE", "OCCUPÉ") -> LIBRE | G38: =IF(ISBLANK(Tableau!$I$38), "LIBRE", "OCCUPÉ") -> LIBRE | H38: =IF(ISBLANK(Tableau!$K$38), "LIBRE", "OCCUPÉ") -> LIBRE | I38: =IF(ISBLANK(Tableau!$M$38), "LIBRE", "OCCUPÉ") -> LIBRE | J38: =IF(ISBLANK(Tableau!$O$38), "LIBRE", "OCCUPÉ") -> LIBRE | K38: =IF(ISBLANK(Tableau!$Q$38), "LIBRE", "OCCUPÉ") -> LIBRE | L38: =IF(ISBLANK(Tableau!$S$38), "LIBRE", "OCCUPÉ") -> LIBRE | M38: =IF(ISBLANK(Tableau!$U$38), "LIBRE", "OCCUPÉ") -> LIBRE | N38: =IF(ISBLANK(Tableau!$W$38), "LIBRE", "OCCUPÉ") -> LIBRE | O38: =IF(ISBLANK(Tableau!$Y$38), "LIBRE", "OCCUPÉ") -> LIBRE | P38: =IF(ISBLANK(Tableau!$AA$38), "LIBRE", "OCCUPÉ") -> LIBRE | Q38: =IF(ISBLANK(Tableau!$AC$38), "LIBRE", "OCCUPÉ") -> LIBRE | R38: =IF(ISBLANK(Tableau!$AE$38), "LIBRE", "OCCUPÉ") -> LIBRE | S38: =IF(ISBLANK(Tableau!$AG$38), "LIBRE", "OCCUPÉ") -> LIBRE | T38: =IF(ISBLANK(Tableau!$AI$38), "LIBRE", "OCCUPÉ") -> LIBRE | U38: =IF(ISBLANK(Tableau!$AK$38), "LIBRE", "OCCUPÉ") -> LIBRE | V38: =IF(ISBLANK(Tableau!$AM$38), "LIBRE", "OCCUPÉ") -> LIBRE | W38: =IF(ISBLANK(Tableau!$AO$38), "LIBRE", "OCCUPÉ") -> LIBRE | X38: =IF(ISBLANK(Tableau!$AQ$38), "LIBRE", "OCCUPÉ") -> LIBRE | Y38: =IF(ISBLANK(Tableau!$AS$38), "LIBRE", "OCCUPÉ") -> LIBRE | Z38: =IF(ISBLANK(Tableau!$AU$38), "LIBRE", "OCCUPÉ") -> LIBRE | AA38: =IF(ISBLANK(Tableau!$AW$38), "LIBRE", "OCCUPÉ") -> LIBRE | AB38: =IF(ISBLANK(Tableau!$AY38), "LIBRE", "OCCUPÉ") -> LIBRE
A39: =Tableau!A39 -> 214 | B39: =VLOOKUP($A39,LocalisationRemorque,2,0) -> Fexhe-le-Haut-Clocher | C39: =VLOOKUP($A39,LocalisationRemorque,3,0) -> Château d'eau Jeneffe | D39: =CONCATENATE(VLOOKUP($A39,LocalisationRemorque,6,0)," ► ",VLOOKUP($A39,LocalisationRemorque,5,0)) -> Tongres ► Amay | E39: =IF(ISBLANK(Tableau!$E$39), "LIBRE", "OCCUPÉ") -> LIBRE | F39: =IF(ISBLANK(Tableau!$G$39), "LIBRE", "OCCUPÉ") -> LIBRE | G39: =IF(ISBLANK(Tableau!$I$39), "LIBRE", "OCCUPÉ") -> LIBRE | H39: =IF(ISBLANK(Tableau!$K$39), "LIBRE", "OCCUPÉ") -> LIBRE | I39: =IF(ISBLANK(Tableau!$M$39), "LIBRE", "OCCUPÉ") -> LIBRE | J39: =IF(ISBLANK(Tableau!$O$39), "LIBRE", "OCCUPÉ") -> LIBRE | K39: =IF(ISBLANK(Tableau!$Q$39), "LIBRE", "OCCUPÉ") -> LIBRE | L39: =IF(ISBLANK(Tableau!$S$39), "LIBRE", "OCCUPÉ") -> LIBRE | M39: =IF(ISBLANK(Tableau!$U$39), "LIBRE", "OCCUPÉ") -> LIBRE | N39: =IF(ISBLANK(Tableau!$W$39), "LIBRE", "OCCUPÉ") -> LIBRE | O39: =IF(ISBLANK(Tableau!$Y$39), "LIBRE", "OCCUPÉ") -> LIBRE | P39: =IF(ISBLANK(Tableau!$AA$39), "LIBRE", "OCCUPÉ") -> LIBRE | Q39: =IF(ISBLANK(Tableau!$AC$39), "LIBRE", "OCCUPÉ") -> LIBRE | R39: =IF(ISBLANK(Tableau!$AE$39), "LIBRE", "OCCUPÉ") -> LIBRE | S39: =IF(ISBLANK(Tableau!$AG$39), "LIBRE", "OCCUPÉ") -> LIBRE | T39: =IF(ISBLANK(Tableau!$AI$39), "LIBRE", "OCCUPÉ") -> LIBRE | U39: =IF(ISBLANK(Tableau!$AK$39), "LIBRE", "OCCUPÉ") -> LIBRE | V39: =IF(ISBLANK(Tableau!$AM$39), "LIBRE", "OCCUPÉ") -> LIBRE | W39: =IF(ISBLANK(Tableau!$AO$39), "LIBRE", "OCCUPÉ") -> LIBRE | X39: =IF(ISBLANK(Tableau!$AQ$39), "LIBRE", "OCCUPÉ") -> LIBRE | Y39: =IF(ISBLANK(Tableau!$AS$39), "LIBRE", "OCCUPÉ") -> LIBRE | Z39: =IF(ISBLANK(Tableau!$AU$39), "LIBRE", "OCCUPÉ") -> LIBRE | AA39: =IF(ISBLANK(Tableau!$AW$39), "LIBRE", "OCCUPÉ") -> LIBRE | AB39: =IF(ISBLANK(Tableau!$AY39), "LIBRE", "OCCUPÉ") -> LIBRE
A40: =Tableau!A40 -> 215 | B40: =VLOOKUP($A40,LocalisationRemorque,2,0) -> Fexhe-le-Haut-Clocher | C40: =VLOOKUP($A40,LocalisationRemorque,3,0) -> Noville | D40: =CONCATENATE(VLOOKUP($A40,LocalisationRemorque,6,0)," ► ",VLOOKUP($A40,LocalisationRemorque,5,0)) -> Amay ► E40 | E40: =IF(ISBLANK(Tableau!$E$40), "LIBRE", "OCCUPÉ") -> LIBRE | F40: =IF(ISBLANK(Tableau!$G$40), "LIBRE", "OCCUPÉ") -> LIBRE | G40: =IF(ISBLANK(Tableau!$I$40), "LIBRE", "OCCUPÉ") -> LIBRE | H40: =IF(ISBLANK(Tableau!$K$40), "LIBRE", "OCCUPÉ") -> LIBRE | I40: =IF(ISBLANK(Tableau!$M$40), "LIBRE", "OCCUPÉ") -> LIBRE | J40: =IF(ISBLANK(Tableau!$O$40), "LIBRE", "OCCUPÉ") -> LIBRE | K40: =IF(ISBLANK(Tableau!$Q$40), "LIBRE", "OCCUPÉ") -> LIBRE | L40: =IF(ISBLANK(Tableau!$S$40), "LIBRE", "OCCUPÉ") -> LIBRE | M40: =IF(ISBLANK(Tableau!$U$40), "LIBRE", "OCCUPÉ") -> LIBRE | N40: =IF(ISBLANK(Tableau!$W$40), "LIBRE", "OCCUPÉ") -> LIBRE | O40: =IF(ISBLANK(Tableau!$Y$40), "LIBRE", "OCCUPÉ") -> LIBRE | P40: =IF(ISBLANK(Tableau!$AA$40), "LIBRE", "OCCUPÉ") -> LIBRE | Q40: =IF(ISBLANK(Tableau!$AC$40), "LIBRE", "OCCUPÉ") -> LIBRE | R40: =IF(ISBLANK(Tableau!$AE$40), "LIBRE", "OCCUPÉ") -> LIBRE | S40: =IF(ISBLANK(Tableau!$AG$40), "LIBRE", "OCCUPÉ") -> LIBRE | T40: =IF(ISBLANK(Tableau!$AI$40), "LIBRE", "OCCUPÉ") -> LIBRE | U40: =IF(ISBLANK(Tableau!$AK$40), "LIBRE", "OCCUPÉ") -> LIBRE | V40: =IF(ISBLANK(Tableau!$AM$40), "LIBRE", "OCCUPÉ") -> LIBRE | W40: =IF(ISBLANK(Tableau!$AO$40), "LIBRE", "OCCUPÉ") -> LIBRE | X40: =IF(ISBLANK(Tableau!$AQ$40), "LIBRE", "OCCUPÉ") -> LIBRE | Y40: =IF(ISBLANK(Tableau!$AS$40), "LIBRE", "OCCUPÉ") -> LIBRE | Z40: =IF(ISBLANK(Tableau!$AU$40), "LIBRE", "OCCUPÉ") -> LIBRE | AA40: =IF(ISBLANK(Tableau!$AW$40), "LIBRE", "OCCUPÉ") -> LIBRE | AB40: =IF(ISBLANK(Tableau!$AY40), "LIBRE", "OCCUPÉ") -> LIBRE
A41: =Tableau!A41 -> 216 | B41: =VLOOKUP($A41,LocalisationRemorque,2,0) -> Waremme | C41: =VLOOKUP($A41,LocalisationRemorque,3,0) -> Waremme 1 | D41: =CONCATENATE(VLOOKUP($A41,LocalisationRemorque,6,0)," ► ",VLOOKUP($A41,LocalisationRemorque,5,0)) -> Huy ► Waremme | E41: =IF(ISBLANK(Tableau!$E$41), "LIBRE", "OCCUPÉ") -> LIBRE | F41: =IF(ISBLANK(Tableau!$G$41), "LIBRE", "OCCUPÉ") -> LIBRE | G41: =IF(ISBLANK(Tableau!$I$41), "LIBRE", "OCCUPÉ") -> LIBRE | H41: =IF(ISBLANK(Tableau!$K$41), "LIBRE", "OCCUPÉ") -> LIBRE | I41: =IF(ISBLANK(Tableau!$M$41), "LIBRE", "OCCUPÉ") -> LIBRE | J41: =IF(ISBLANK(Tableau!$O$41), "LIBRE", "OCCUPÉ") -> LIBRE | K41: =IF(ISBLANK(Tableau!$Q$41), "LIBRE", "OCCUPÉ") -> LIBRE | L41: =IF(ISBLANK(Tableau!$S$41), "LIBRE", "OCCUPÉ") -> LIBRE | M41: =IF(ISBLANK(Tableau!$U$41), "LIBRE", "OCCUPÉ") -> LIBRE | N41: =IF(ISBLANK(Tableau!$W$41), "LIBRE", "OCCUPÉ") -> LIBRE | O41: =IF(ISBLANK(Tableau!$Y$41), "LIBRE", "OCCUPÉ") -> LIBRE | P41: =IF(ISBLANK(Tableau!$Z$41), "LIBRE", "OCCUPÉ") -> LIBRE | Q41: =IF(ISBLANK(Tableau!$AC$41), "LIBRE", "OCCUPÉ") -> LIBRE | R41: =IF(ISBLANK(Tableau!$AE$41), "LIBRE", "OCCUPÉ") -> LIBRE | S41: =IF(ISBLANK(Tableau!$AG$41), "LIBRE", "OCCUPÉ") -> LIBRE | T41: =IF(ISBLANK(Tableau!$AI$41), "LIBRE", "OCCUPÉ") -> LIBRE | U41: =IF(ISBLANK(Tableau!$AK$41), "LIBRE", "OCCUPÉ") -> LIBRE | V41: =IF(ISBLANK(Tableau!$AM$41), "LIBRE", "OCCUPÉ") -> LIBRE | W41: =IF(ISBLANK(Tableau!$AO$41), "LIBRE", "OCCUPÉ") -> LIBRE | X41: =IF(ISBLANK(Tableau!$AQ$41), "LIBRE", "OCCUPÉ") -> LIBRE | Y41: =IF(ISBLANK(Tableau!$AS$41), "LIBRE", "OCCUPÉ") -> LIBRE | Z41: =IF(ISBLANK(Tableau!$AU$41), "LIBRE", "OCCUPÉ") -> LIBRE | AA41: =IF(ISBLANK(Tableau!$AW$41), "LIBRE", "OCCUPÉ") -> LIBRE | AB41: =IF(ISBLANK(Tableau!$AY41), "LIBRE", "OCCUPÉ") -> LIBRE
A42: =Tableau!A42 -> 227 | B42: =VLOOKUP($A42,LocalisationRemorque,2,0) -> Waremme | C42: =VLOOKUP($A42,LocalisationRemorque,3,0) -> Waremme 2 | D42: =CONCATENATE(VLOOKUP($A42,LocalisationRemorque,6,0)," ► ",VLOOKUP($A42,LocalisationRemorque,5,0)) -> Huy ► Waremme | E42: =IF(ISBLANK(Tableau!$E$42), "LIBRE", "OCCUPÉ") -> LIBRE | F42: =IF(ISBLANK(Tableau!$G$42), "LIBRE", "OCCUPÉ") -> LIBRE | G42: =IF(ISBLANK(Tableau!$I$42), "LIBRE", "OCCUPÉ") -> LIBRE | H42: =IF(ISBLANK(Tableau!$K$42), "LIBRE", "OCCUPÉ") -> LIBRE | I42: =IF(ISBLANK(Tableau!$M$42), "LIBRE", "OCCUPÉ") -> LIBRE | J42: =IF(ISBLANK(Tableau!$O$42), "LIBRE", "OCCUPÉ") -> LIBRE | K42: =IF(ISBLANK(Tableau!$Q$42), "LIBRE", "OCCUPÉ") -> LIBRE | L42: =IF(ISBLANK(Tableau!$S$42), "LIBRE", "OCCUPÉ") -> LIBRE | M42: =IF(ISBLANK(Tableau!$U$42), "LIBRE", "OCCUPÉ") -> LIBRE | N42: =IF(ISBLANK(Tableau!$W$42), "LIBRE", "OCCUPÉ") -> LIBRE | O42: =IF(ISBLANK(Tableau!$Y$42), "LIBRE", "OCCUPÉ") -> LIBRE | P42: =IF(ISBLANK(Tableau!$AA$42), "LIBRE", "OCCUPÉ") -> LIBRE | Q42: =IF(ISBLANK(Tableau!$AC$42), "LIBRE", "OCCUPÉ") -> LIBRE | R42: =IF(ISBLANK(Tableau!$AE$42), "LIBRE", "OCCUPÉ") -> LIBRE | S42: =IF(ISBLANK(Tableau!$AG$42), "LIBRE", "OCCUPÉ") -> LIBRE | T42: =IF(ISBLANK(Tableau!$AI$42), "LIBRE", "OCCUPÉ") -> LIBRE | U42: =IF(ISBLANK(Tableau!$AK$42), "LIBRE", "OCCUPÉ") -> LIBRE | V42: =IF(ISBLANK(Tableau!$AM$42), "LIBRE", "OCCUPÉ") -> LIBRE | W42: =IF(ISBLANK(Tableau!$AO$42), "LIBRE", "OCCUPÉ") -> LIBRE | X42: =IF(ISBLANK(Tableau!$AQ$42), "LIBRE", "OCCUPÉ") -> LIBRE | Y42: =IF(ISBLANK(Tableau!$AS$42), "LIBRE", "OCCUPÉ") -> LIBRE | Z42: =IF(ISBLANK(Tableau!$AU$42), "LIBRE", "OCCUPÉ") -> LIBRE | AA42: =IF(ISBLANK(Tableau!$AW$42), "LIBRE", "OCCUPÉ") -> LIBRE | AB42: =IF(ISBLANK(Tableau!$AY42), "LIBRE", "OCCUPÉ") -> LIBRE
A43: =Tableau!A43 -> 217 | B43: =VLOOKUP($A43,LocalisationRemorque,2,0) -> Viemme | C43: =VLOOKUP($A43,LocalisationRemorque,3,0) -> Viemme Rond-Point | D43: =CONCATENATE(VLOOKUP($A43,LocalisationRemorque,6,0)," ► ",VLOOKUP($A43,LocalisationRemorque,5,0)) -> Waremme ► Huy | E43: =IF(ISBLANK(Tableau!$E$43), "LIBRE", "OCCUPÉ") -> LIBRE | F43: =IF(ISBLANK(Tableau!$G$43), "LIBRE", "OCCUPÉ") -> LIBRE | G43: =IF(ISBLANK(Tableau!$I$43), "LIBRE", "OCCUPÉ") -> LIBRE | H43: =IF(ISBLANK(Tableau!$K$43), "LIBRE", "OCCUPÉ") -> LIBRE | I43: =IF(ISBLANK(Tableau!$M$43), "LIBRE", "OCCUPÉ") -> LIBRE | J43: =IF(ISBLANK(Tableau!$O$43), "LIBRE", "OCCUPÉ") -> LIBRE | K43: =IF(ISBLANK(Tableau!$Q$43), "LIBRE", "OCCUPÉ") -> LIBRE | L43: =IF(ISBLANK(Tableau!$S$43), "LIBRE", "OCCUPÉ") -> LIBRE | M43: =IF(ISBLANK(Tableau!$U$43), "LIBRE", "OCCUPÉ") -> LIBRE | N43: =IF(ISBLANK(Tableau!$W$43), "LIBRE", "OCCUPÉ") -> LIBRE | O43: =IF(ISBLANK(Tableau!$Y$43), "LIBRE", "OCCUPÉ") -> LIBRE | P43: =IF(ISBLANK(Tableau!$AA$43), "LIBRE", "OCCUPÉ") -> LIBRE | Q43: =IF(ISBLANK(Tableau!$AC$43), "LIBRE", "OCCUPÉ") -> LIBRE | R43: =IF(ISBLANK(Tableau!$AE$43), "LIBRE", "OCCUPÉ") -> LIBRE | S43: =IF(ISBLANK(Tableau!$AG$43), "LIBRE", "OCCUPÉ") -> LIBRE | T43: =IF(ISBLANK(Tableau!$AI$43), "LIBRE", "OCCUPÉ") -> LIBRE | U43: =IF(ISBLANK(Tableau!$AK$43), "LIBRE", "OCCUPÉ") -> LIBRE | V43: =IF(ISBLANK(Tableau!$AM$43), "LIBRE", "OCCUPÉ") -> LIBRE | W43: =IF(ISBLANK(Tableau!$AO$43), "LIBRE", "OCCUPÉ") -> LIBRE | X43: =IF(ISBLANK(Tableau!$AQ$43), "LIBRE", "OCCUPÉ") -> LIBRE | Y43: =IF(ISBLANK(Tableau!$AS$43), "LIBRE", "OCCUPÉ") -> LIBRE | Z43: =IF(ISBLANK(Tableau!$AU$43), "LIBRE", "OCCUPÉ") -> LIBRE | AA43: =IF(ISBLANK(Tableau!$AW$43), "LIBRE", "OCCUPÉ") -> LIBRE | AB43: =IF(ISBLANK(Tableau!$AY43), "LIBRE", "OCCUPÉ") -> LIBRE
A44: =Tableau!A44 -> 218 | B44: =VLOOKUP($A44,LocalisationRemorque,2,0) -> Oreye | C44: =VLOOKUP($A44,LocalisationRemorque,3,0) -> Carrefour Otrange/Vechmaal | D44: =CONCATENATE(VLOOKUP($A44,LocalisationRemorque,6,0)," ► ",VLOOKUP($A44,LocalisationRemorque,5,0)) -> Oreye ► Veechmaal | E44: =IF(ISBLANK(Tableau!$E$44), "LIBRE", "OCCUPÉ") -> LIBRE | F44: =IF(ISBLANK(Tableau!$G$44), "LIBRE", "OCCUPÉ") -> LIBRE | G44: =IF(ISBLANK(Tableau!$I$44), "LIBRE", "OCCUPÉ") -> LIBRE | H44: =IF(ISBLANK(Tableau!$K$44), "LIBRE", "OCCUPÉ") -> LIBRE | I44: =IF(ISBLANK(Tableau!$M$44), "LIBRE", "OCCUPÉ") -> LIBRE | J44: =IF(ISBLANK(Tableau!$O$44), "LIBRE", "OCCUPÉ") -> LIBRE | K44: =IF(ISBLANK(Tableau!$Q$44), "LIBRE", "OCCUPÉ") -> LIBRE | L44: =IF(ISBLANK(Tableau!$S$44), "LIBRE", "OCCUPÉ") -> LIBRE | M44: =IF(ISBLANK(Tableau!$U$44), "LIBRE", "OCCUPÉ") -> LIBRE | N44: =IF(ISBLANK(Tableau!$W$44), "LIBRE", "OCCUPÉ") -> LIBRE | O44: =IF(ISBLANK(Tableau!$Y$44), "LIBRE", "OCCUPÉ") -> LIBRE | P44: =IF(ISBLANK(Tableau!$AA$44), "LIBRE", "OCCUPÉ") -> LIBRE | Q44: =IF(ISBLANK(Tableau!$AC$44), "LIBRE", "OCCUPÉ") -> LIBRE | R44: =IF(ISBLANK(Tableau!$AE$44), "LIBRE", "OCCUPÉ") -> LIBRE | S44: =IF(ISBLANK(Tableau!$AG$44), "LIBRE", "OCCUPÉ") -> LIBRE | T44: =IF(ISBLANK(Tableau!$AI$44), "LIBRE", "OCCUPÉ") -> LIBRE | U44: =IF(ISBLANK(Tableau!$AK$44), "LIBRE", "OCCUPÉ") -> LIBRE | V44: =IF(ISBLANK(Tableau!$AM$44), "LIBRE", "OCCUPÉ") -> LIBRE | W44: =IF(ISBLANK(Tableau!$AO$44), "LIBRE", "OCCUPÉ") -> LIBRE | X44: =IF(ISBLANK(Tableau!$AQ$44), "LIBRE", "OCCUPÉ") -> LIBRE | Y44: =IF(ISBLANK(Tableau!$AS$44), "LIBRE", "OCCUPÉ") -> LIBRE | Z44: =IF(ISBLANK(Tableau!$AU$44), "LIBRE", "OCCUPÉ") -> LIBRE | AA44: =IF(ISBLANK(Tableau!$AW$44), "LIBRE", "OCCUPÉ") -> LIBRE | AB44: =IF(ISBLANK(Tableau!$AY44), "LIBRE", "OCCUPÉ") -> LIBRE
A45: =Tableau!A45 | B45: =VLOOKUP($A45,LocalisationRemorque,2,0) -> Remorque non listée | C45: =VLOOKUP($A45,LocalisationRemorque,3,0) | D45: =CONCATENATE(VLOOKUP($A45,LocalisationRemorque,6,0)," ► ",VLOOKUP($A45,LocalisationRemorque,5,0)) -> ► | E45: =IF(ISBLANK(Tableau!$E$45), "LIBRE", "OCCUPÉ") -> LIBRE | F45: =IF(ISBLANK(Tableau!$G$45), "LIBRE", "OCCUPÉ") -> LIBRE | G45: =IF(ISBLANK(Tableau!$I$45), "LIBRE", "OCCUPÉ") -> LIBRE | H45: =IF(ISBLANK(Tableau!$K$45), "LIBRE", "OCCUPÉ") -> LIBRE | I45: =IF(ISBLANK(Tableau!$M$45), "LIBRE", "OCCUPÉ") -> LIBRE | J45: =IF(ISBLANK(Tableau!$O$45), "LIBRE", "OCCUPÉ") -> LIBRE | K45: =IF(ISBLANK(Tableau!$Q$45), "LIBRE", "OCCUPÉ") -> LIBRE | L45: =IF(ISBLANK(Tableau!$S$45), "LIBRE", "OCCUPÉ") -> LIBRE | M45: =IF(ISBLANK(Tableau!$U$45), "LIBRE", "OCCUPÉ") -> LIBRE | N45: =IF(ISBLANK(Tableau!$W$45), "LIBRE", "OCCUPÉ") -> LIBRE | O45: =IF(ISBLANK(Tableau!$Y$45), "LIBRE", "OCCUPÉ") -> LIBRE | P45: =IF(ISBLANK(Tableau!$AA$45), "LIBRE", "OCCUPÉ") -> LIBRE | Q45: =IF(ISBLANK(Tableau!$AC$45), "LIBRE", "OCCUPÉ") -> LIBRE | R45: =IF(ISBLANK(Tableau!$AE$45), "LIBRE", "OCCUPÉ") -> LIBRE | S45: =IF(ISBLANK(Tableau!$AG$45), "LIBRE", "OCCUPÉ") -> LIBRE | T45: =IF(ISBLANK(Tableau!$AI$45), "LIBRE", "OCCUPÉ") -> LIBRE | U45: =IF(ISBLANK(Tableau!$AK$45), "LIBRE", "OCCUPÉ") -> LIBRE | V45: =IF(ISBLANK(Tableau!$AM$45), "LIBRE", "OCCUPÉ") -> LIBRE | W45: =IF(ISBLANK(Tableau!$AO$45), "LIBRE", "OCCUPÉ") -> LIBRE | X45: =IF(ISBLANK(Tableau!$AQ$45), "LIBRE", "OCCUPÉ") -> LIBRE | Y45: =IF(ISBLANK(Tableau!$AS$45), "LIBRE", "OCCUPÉ") -> LIBRE | Z45: =IF(ISBLANK(Tableau!$AU$45), "LIBRE", "OCCUPÉ") -> LIBRE | AA45: =IF(ISBLANK(Tableau!$AW$45), "LIBRE", "OCCUPÉ") -> LIBRE | AB45: =IF(ISBLANK(Tableau!$AY45), "LIBRE", "OCCUPÉ") -> LIBRE
A46: =Tableau!A46 -> 220 | B46: =VLOOKUP($A46,LocalisationRemorque,2,0) -> Theux | C46: =VLOOKUP($A46,LocalisationRemorque,3,0) -> Hautregard Haut | D46: =CONCATENATE(VLOOKUP($A46,LocalisationRemorque,6,0)," ► ",VLOOKUP($A46,LocalisationRemorque,5,0)) -> Aywaille ► Theux | E46: =IF(ISBLANK(Tableau!$E$46), "LIBRE", "OCCUPÉ") -> LIBRE | F46: =IF(ISBLANK(Tableau!$G$46), "LIBRE", "OCCUPÉ") -> LIBRE | G46: =IF(ISBLANK(Tableau!$I$46), "LIBRE", "OCCUPÉ") -> LIBRE | H46: =IF(ISBLANK(Tableau!$K$46), "LIBRE", "OCCUPÉ") -> LIBRE | I46: =IF(ISBLANK(Tableau!$M$46), "LIBRE", "OCCUPÉ") -> LIBRE | J46: =IF(ISBLANK(Tableau!$O$46), "LIBRE", "OCCUPÉ") -> LIBRE | K46: =IF(ISBLANK(Tableau!$Q$46), "LIBRE", "OCCUPÉ") -> LIBRE | L46: =IF(ISBLANK(Tableau!$S$46), "LIBRE", "OCCUPÉ") -> LIBRE | M46: =IF(ISBLANK(Tableau!$U$46), "LIBRE", "OCCUPÉ") -> LIBRE | N46: =IF(ISBLANK(Tableau!$W$46), "LIBRE", "OCCUPÉ") -> LIBRE | O46: =IF(ISBLANK(Tableau!$Y$46), "LIBRE", "OCCUPÉ") -> LIBRE | P46: =IF(ISBLANK(Tableau!$AA$46), "LIBRE", "OCCUPÉ") -> LIBRE | Q46: =IF(ISBLANK(Tableau!$AC$46), "LIBRE", "OCCUPÉ") -> LIBRE | R46: =IF(ISBLANK(Tableau!$AE$46), "LIBRE", "OCCUPÉ") -> LIBRE | S46: =IF(ISBLANK(Tableau!$AG$46), "LIBRE", "OCCUPÉ") -> LIBRE | T46: =IF(ISBLANK(Tableau!$AI$46), "LIBRE", "OCCUPÉ") -> LIBRE | U46: =IF(ISBLANK(Tableau!$AK$46), "LIBRE", "OCCUPÉ") -> LIBRE | V46: =IF(ISBLANK(Tableau!$AM$46), "LIBRE", "OCCUPÉ") -> LIBRE | W46: =IF(ISBLANK(Tableau!$AO$46), "LIBRE", "OCCUPÉ") -> LIBRE | X46: =IF(ISBLANK(Tableau!$AQ$46), "LIBRE", "OCCUPÉ") -> LIBRE | Y46: =IF(ISBLANK(Tableau!$AS$46), "LIBRE", "OCCUPÉ") -> LIBRE | Z46: =IF(ISBLANK(Tableau!$AU$46), "LIBRE", "OCCUPÉ") -> LIBRE | AA46: =IF(ISBLANK(Tableau!$AW$46), "LIBRE", "OCCUPÉ") -> LIBRE | AB46: =IF(ISBLANK(Tableau!$AY46), "LIBRE", "OCCUPÉ") -> LIBRE | AC46: Plopsa
A47: =Tableau!A47 -> 221 | B47: =VLOOKUP($A47,LocalisationRemorque,2,0) -> Theux | C47: =VLOOKUP($A47,LocalisationRemorque,3,0) -> Hautregard Bas | D47: =CONCATENATE(VLOOKUP($A47,LocalisationRemorque,6,0)," ► ",VLOOKUP($A47,LocalisationRemorque,5,0)) -> Aywaille ► Spa | E47: =IF(ISBLANK(Tableau!$E$47), "LIBRE", "OCCUPÉ") -> LIBRE | F47: =IF(ISBLANK(Tableau!$G$47), "LIBRE", "OCCUPÉ") -> LIBRE | G47: =IF(ISBLANK(Tableau!$I$47), "LIBRE", "OCCUPÉ") -> LIBRE | H47: =IF(ISBLANK(Tableau!$K$47), "LIBRE", "OCCUPÉ") -> LIBRE | I47: =IF(ISBLANK(Tableau!$M$47), "LIBRE", "OCCUPÉ") -> LIBRE | J47: =IF(ISBLANK(Tableau!$O$47), "LIBRE", "OCCUPÉ") -> LIBRE | K47: =IF(ISBLANK(Tableau!$Q$47), "LIBRE", "OCCUPÉ") -> LIBRE | L47: =IF(ISBLANK(Tableau!$S$47), "LIBRE", "OCCUPÉ") -> LIBRE | M47: =IF(ISBLANK(Tableau!$U$47), "LIBRE", "OCCUPÉ") -> LIBRE | N47: =IF(ISBLANK(Tableau!$W$47), "LIBRE", "OCCUPÉ") -> LIBRE | O47: =IF(ISBLANK(Tableau!$Y$47), "LIBRE", "OCCUPÉ") -> LIBRE | P47: =IF(ISBLANK(Tableau!$AA$47), "LIBRE", "OCCUPÉ") -> LIBRE | Q47: =IF(ISBLANK(Tableau!$AC$47), "LIBRE", "OCCUPÉ") -> LIBRE | R47: =IF(ISBLANK(Tableau!$AE$47), "LIBRE", "OCCUPÉ") -> LIBRE | S47: =IF(ISBLANK(Tableau!$AG$47), "LIBRE", "OCCUPÉ") -> LIBRE | T47: =IF(ISBLANK(Tableau!$AI$47), "LIBRE", "OCCUPÉ") -> LIBRE | U47: =IF(ISBLANK(Tableau!$AK$47), "LIBRE", "OCCUPÉ") -> LIBRE | V47: =IF(ISBLANK(Tableau!$AM$47), "LIBRE", "OCCUPÉ") -> LIBRE | W47: =IF(ISBLANK(Tableau!$AO$47), "LIBRE", "OCCUPÉ") -> LIBRE | X47: =IF(ISBLANK(Tableau!$AQ$47), "LIBRE", "OCCUPÉ") -> LIBRE | Y47: =IF(ISBLANK(Tableau!$AS$47), "LIBRE", "OCCUPÉ") -> LIBRE | Z47: =IF(ISBLANK(Tableau!$AU$47), "LIBRE", "OCCUPÉ") -> LIBRE | AA47: =IF(ISBLANK(Tableau!$AW$47), "LIBRE", "OCCUPÉ") -> LIBRE | AB47: =IF(ISBLANK(Tableau!$AY47), "LIBRE", "OCCUPÉ") -> LIBRE | AC47: Plopsa
A48: =Tableau!A48 -> 226 | B48: =VLOOKUP($A48,LocalisationRemorque,2,0) -> Theux | C48: =VLOOKUP($A48,LocalisationRemorque,3,0) -> La Reid | D48: =CONCATENATE(VLOOKUP($A48,LocalisationRemorque,6,0)," ► ",VLOOKUP($A48,LocalisationRemorque,5,0)) -> Aywaille ► Spa | E48: =IF(ISBLANK(Tableau!$E$48), "LIBRE", "OCCUPÉ") -> LIBRE | F48: =IF(ISBLANK(Tableau!$G$48), "LIBRE", "OCCUPÉ") -> LIBRE | G48: =IF(ISBLANK(Tableau!$I$48), "LIBRE", "OCCUPÉ") -> LIBRE | H48: =IF(ISBLANK(Tableau!$K$48), "LIBRE", "OCCUPÉ") -> LIBRE | I48: =IF(ISBLANK(Tableau!$M$48), "LIBRE", "OCCUPÉ") -> LIBRE | J48: =IF(ISBLANK(Tableau!$O$48), "LIBRE", "OCCUPÉ") -> LIBRE | K48: =IF(ISBLANK(Tableau!$Q$48), "LIBRE", "OCCUPÉ") -> LIBRE | L48: =IF(ISBLANK(Tableau!$S$48), "LIBRE", "OCCUPÉ") -> LIBRE | M48: =IF(ISBLANK(Tableau!$U$48), "LIBRE", "OCCUPÉ") -> LIBRE | N48: =IF(ISBLANK(Tableau!$W$48), "LIBRE", "OCCUPÉ") -> LIBRE | O48: =IF(ISBLANK(Tableau!$Y$48), "LIBRE", "OCCUPÉ") -> LIBRE | P48: =IF(ISBLANK(Tableau!$AA$48), "LIBRE", "OCCUPÉ") -> LIBRE | Q48: =IF(ISBLANK(Tableau!$AC$48), "LIBRE", "OCCUPÉ") -> LIBRE | R48: =IF(ISBLANK(Tableau!$AE$48), "LIBRE", "OCCUPÉ") -> LIBRE | S48: =IF(ISBLANK(Tableau!$AG$48), "LIBRE", "OCCUPÉ") -> LIBRE | T48: =IF(ISBLANK(Tableau!$AI$48), "LIBRE", "OCCUPÉ") -> LIBRE | U48: =IF(ISBLANK(Tableau!$AK$48), "LIBRE", "OCCUPÉ") -> LIBRE | V48: =IF(ISBLANK(Tableau!$AM$48), "LIBRE", "OCCUPÉ") -> LIBRE | W48: =IF(ISBLANK(Tableau!$AO$48), "LIBRE", "OCCUPÉ") -> LIBRE | X48: =IF(ISBLANK(Tableau!$AQ$48), "LIBRE", "OCCUPÉ") -> LIBRE | Y48: =IF(ISBLANK(Tableau!$AS$48), "LIBRE", "OCCUPÉ") -> LIBRE | Z48: =IF(ISBLANK(Tableau!$AU$48), "LIBRE", "OCCUPÉ") -> LIBRE | AA48: =IF(ISBLANK(Tableau!$AW$48), "LIBRE", "OCCUPÉ") -> LIBRE | AB48: =IF(ISBLANK(Tableau!$AY48), "LIBRE", "OCCUPÉ") -> LIBRE | AC48: Plopsa
A49: =Tableau!A49 -> 222 | B49: =VLOOKUP($A49,LocalisationRemorque,2,0) -> Sprimont | C49: =VLOOKUP($A49,LocalisationRemorque,3,0) -> Sprimont - Theux | D49: =CONCATENATE(VLOOKUP($A49,LocalisationRemorque,6,0)," ► ",VLOOKUP($A49,LocalisationRemorque,5,0)) -> Sprimont ► Theux | E49: =IF(ISBLANK(Tableau!$E$49), "LIBRE", "OCCUPÉ") -> LIBRE | F49: =IF(ISBLANK(Tableau!$G$49), "LIBRE", "OCCUPÉ") -> LIBRE | G49: =IF(ISBLANK(Tableau!$I$49), "LIBRE", "OCCUPÉ") -> LIBRE | H49: =IF(ISBLANK(Tableau!$K$49), "LIBRE", "OCCUPÉ") -> LIBRE | I49: =IF(ISBLANK(Tableau!$M$49), "LIBRE", "OCCUPÉ") -> LIBRE | J49: =IF(ISBLANK(Tableau!$O$49), "LIBRE", "OCCUPÉ") -> LIBRE | K49: =IF(ISBLANK(Tableau!$Q$49), "LIBRE", "OCCUPÉ") -> LIBRE | L49: =IF(ISBLANK(Tableau!$S$49), "LIBRE", "OCCUPÉ") -> LIBRE | M49: =IF(ISBLANK(Tableau!$U$49), "LIBRE", "OCCUPÉ") -> LIBRE | N49: =IF(ISBLANK(Tableau!$W$49), "LIBRE", "OCCUPÉ") -> LIBRE | O49: =IF(ISBLANK(Tableau!$Y$49), "LIBRE", "OCCUPÉ") -> LIBRE | P49: =IF(ISBLANK(Tableau!$AA$49), "LIBRE", "OCCUPÉ") -> LIBRE | Q49: =IF(ISBLANK(Tableau!$AC$49), "LIBRE", "OCCUPÉ") -> LIBRE | R49: =IF(ISBLANK(Tableau!$AE$49), "LIBRE", "OCCUPÉ") -> LIBRE | S49: =IF(ISBLANK(Tableau!$AG$49), "LIBRE", "OCCUPÉ") -> LIBRE | T49: =IF(ISBLANK(Tableau!$AI$49), "LIBRE", "OCCUPÉ") -> LIBRE | U49: =IF(ISBLANK(Tableau!$AK$49), "LIBRE", "OCCUPÉ") -> LIBRE | V49: =IF(ISBLANK(Tableau!$AM$49), "LIBRE", "OCCUPÉ") -> LIBRE | W49: =IF(ISBLANK(Tableau!$AO$49), "LIBRE", "OCCUPÉ") -> LIBRE | X49: =IF(ISBLANK(Tableau!$AQ$49), "LIBRE", "OCCUPÉ") -> LIBRE | Y49: =IF(ISBLANK(Tableau!$AS$49), "LIBRE", "OCCUPÉ") -> LIBRE | Z49: =IF(ISBLANK(Tableau!$AU$49), "LIBRE", "OCCUPÉ") -> LIBRE | AA49: =IF(ISBLANK(Tableau!$AW$49), "LIBRE", "OCCUPÉ") -> LIBRE | AB49: =IF(ISBLANK(Tableau!$AY49), "LIBRE", "OCCUPÉ") -> LIBRE | AC49: Plopsa
A50: =Tableau!A50 -> 224 | B50: =VLOOKUP($A50,LocalisationRemorque,2,0) -> Crisnee | C50: =VLOOKUP($A50,LocalisationRemorque,3,0) -> Station Ledouble | D50: =CONCATENATE(VLOOKUP($A50,LocalisationRemorque,6,0)," ► ",VLOOKUP($A50,LocalisationRemorque,5,0)) -> Saint-Trond ► Liege | E50: =IF(ISBLANK(Tableau!$E$50), "LIBRE", "OCCUPÉ") -> LIBRE | F50: =IF(ISBLANK(Tableau!$G$50), "LIBRE", "OCCUPÉ") -> LIBRE | G50: =IF(ISBLANK(Tableau!$I$50), "LIBRE", "OCCUPÉ") -> LIBRE | H50: =IF(ISBLANK(Tableau!$K$50), "LIBRE", "OCCUPÉ") -> LIBRE | I50: =IF(ISBLANK(Tableau!$M$50), "LIBRE", "OCCUPÉ") -> LIBRE | J50: =IF(ISBLANK(Tableau!$O$50), "LIBRE", "OCCUPÉ") -> LIBRE | K50: =IF(ISBLANK(Tableau!$Q$50), "LIBRE", "OCCUPÉ") -> LIBRE | L50: =IF(ISBLANK(Tableau!$S$50), "LIBRE", "OCCUPÉ") -> LIBRE | M50: =IF(ISBLANK(Tableau!$U$50), "LIBRE", "OCCUPÉ") -> LIBRE | N50: =IF(ISBLANK(Tableau!$W$50), "LIBRE", "OCCUPÉ") -> LIBRE | O50: =IF(ISBLANK(Tableau!$Y$50), "LIBRE", "OCCUPÉ") -> LIBRE | P50: =IF(ISBLANK(Tableau!$AA$50), "LIBRE", "OCCUPÉ") -> LIBRE | Q50: =IF(ISBLANK(Tableau!$AC$50), "LIBRE", "OCCUPÉ") -> LIBRE | R50: =IF(ISBLANK(Tableau!$AE$50), "LIBRE", "OCCUPÉ") -> LIBRE | S50: =IF(ISBLANK(Tableau!$AG$50), "LIBRE", "OCCUPÉ") -> LIBRE | T50: =IF(ISBLANK(Tableau!$AI$50), "LIBRE", "OCCUPÉ") -> LIBRE | U50: =IF(ISBLANK(Tableau!$AK$50), "LIBRE", "OCCUPÉ") -> LIBRE | V50: =IF(ISBLANK(Tableau!$AM$50), "LIBRE", "OCCUPÉ") -> LIBRE | W50: =IF(ISBLANK(Tableau!$AO$50), "LIBRE", "OCCUPÉ") -> LIBRE | X50: =IF(ISBLANK(Tableau!$AQ$50), "LIBRE", "OCCUPÉ") -> LIBRE | Y50: =IF(ISBLANK(Tableau!$AS$50), "LIBRE", "OCCUPÉ") -> LIBRE | Z50: =IF(ISBLANK(Tableau!$AU$50), "LIBRE", "OCCUPÉ") -> LIBRE | AA50: =IF(ISBLANK(Tableau!$AW$50), "LIBRE", "OCCUPÉ") -> LIBRE | AB50: =IF(ISBLANK(Tableau!$AY50), "LIBRE", "OCCUPÉ") -> LIBRE | AC50: Plopsa
A51: =Tableau!A52 -> 225 | B51: =VLOOKUP($A51,LocalisationRemorque,2,0) -> Clavier | C51: =VLOOKUP($A51,LocalisationRemorque,3,0) -> Bois-et-Borsu | D51: =CONCATENATE(VLOOKUP($A51,LocalisationRemorque,6,0)," ► ",VLOOKUP($A51,LocalisationRemorque,5,0)) -> Liège ► Marche-en-Famenne | E51: =IF(ISBLANK(Tableau!$E$52), "LIBRE", "OCCUPÉ") -> LIBRE | F51: =IF(ISBLANK(Tableau!$G$52), "LIBRE", "OCCUPÉ") -> LIBRE | G51: =IF(ISBLANK(Tableau!$I$52), "LIBRE", "OCCUPÉ") -> LIBRE | H51: =IF(ISBLANK(Tableau!$K$52), "LIBRE", "OCCUPÉ") -> LIBRE | I51: =IF(ISBLANK(Tableau!$M$52), "LIBRE", "OCCUPÉ") -> LIBRE | J51: =IF(ISBLANK(Tableau!$O$52), "LIBRE", "OCCUPÉ") -> LIBRE | K51: =IF(ISBLANK(Tableau!$Q$52), "LIBRE", "OCCUPÉ") -> OCCUPÉ | L51: =IF(ISBLANK(Tableau!$S$52), "LIBRE", "OCCUPÉ") -> LIBRE | M51: =IF(ISBLANK(Tableau!$U$52), "LIBRE", "OCCUPÉ") -> LIBRE | N51: =IF(ISBLANK(Tableau!$W$52), "LIBRE", "OCCUPÉ") -> LIBRE | O51: =IF(ISBLANK(Tableau!$Y$52), "LIBRE", "OCCUPÉ") -> OCCUPÉ | P51: =IF(ISBLANK(Tableau!$AA$52), "LIBRE", "OCCUPÉ") -> LIBRE | Q51: =IF(ISBLANK(Tableau!$AC$52), "LIBRE", "OCCUPÉ") -> OCCUPÉ | R51: =IF(ISBLANK(Tableau!$AE$52), "LIBRE", "OCCUPÉ") -> LIBRE | S51: =IF(ISBLANK(Tableau!$AG$52), "LIBRE", "OCCUPÉ") -> LIBRE | T51: =IF(ISBLANK(Tableau!$AI$52), "LIBRE", "OCCUPÉ") -> LIBRE | U51: =IF(ISBLANK(Tableau!$AK$52), "LIBRE", "OCCUPÉ") -> OCCUPÉ | V51: =IF(ISBLANK(Tableau!$AM$52), "LIBRE", "OCCUPÉ") -> LIBRE | W51: =IF(ISBLANK(Tableau!$AO$52), "LIBRE", "OCCUPÉ") -> LIBRE | X51: =IF(ISBLANK(Tableau!$AQ$52), "LIBRE", "OCCUPÉ") -> LIBRE | Y51: =IF(ISBLANK(Tableau!$AS$52), "LIBRE", "OCCUPÉ") -> OCCUPÉ | Z51: =IF(ISBLANK(Tableau!$AU$52), "LIBRE", "OCCUPÉ") -> LIBRE | AA51: =IF(ISBLANK(Tableau!$AW$52), "LIBRE", "OCCUPÉ") -> OCCUPÉ | AB51: =IF(ISBLANK(Tableau!$AY52), "LIBRE", "OCCUPÉ") -> LIBRE | AC51: Plopsa
A52: =Tableau!A53 -> 230 | B52: =VLOOKUP($A52,LocalisationRemorque,2,0) -> Stavelot | C52: =VLOOKUP($A52,LocalisationRemorque,3,0) -> Stavelot | D52: =CONCATENATE(VLOOKUP($A52,LocalisationRemorque,6,0)," ► ",VLOOKUP($A52,LocalisationRemorque,5,0)) -> Malmedy ► Trois-Pont | E52: =IF(ISBLANK(Tableau!$E$53), "LIBRE", "OCCUPÉ") -> LIBRE | F52: =IF(ISBLANK(Tableau!$G$53), "LIBRE", "OCCUPÉ") -> LIBRE | G52: =IF(ISBLANK(Tableau!$I$53), "LIBRE", "OCCUPÉ") -> LIBRE | H52: =IF(ISBLANK(Tableau!$K$53), "LIBRE", "OCCUPÉ") -> LIBRE | I52: =IF(ISBLANK(Tableau!$M$53), "LIBRE", "OCCUPÉ") -> LIBRE | J52: =IF(ISBLANK(Tableau!$O$53), "LIBRE", "OCCUPÉ") -> LIBRE | K52: =IF(ISBLANK(Tableau!$Q$53), "LIBRE", "OCCUPÉ") -> LIBRE | L52: =IF(ISBLANK(Tableau!$S$53), "LIBRE", "OCCUPÉ") -> OCCUPÉ | M52: =IF(ISBLANK(Tableau!$U$53), "LIBRE", "OCCUPÉ") -> LIBRE | N52: =IF(ISBLANK(Tableau!$W$53), "LIBRE", "OCCUPÉ") -> OCCUPÉ | O52: =IF(ISBLANK(Tableau!$Y$53), "LIBRE", "OCCUPÉ") -> LIBRE | P52: =IF(ISBLANK(Tableau!$AA$53), "LIBRE", "OCCUPÉ") -> OCCUPÉ | Q52: =IF(ISBLANK(Tableau!$AC$53), "LIBRE", "OCCUPÉ") -> OCCUPÉ | R52: =IF(ISBLANK(Tableau!$AE$53), "LIBRE", "OCCUPÉ") -> LIBRE | S52: =IF(ISBLANK(Tableau!$AG$53), "LIBRE", "OCCUPÉ") -> OCCUPÉ | T52: =IF(ISBLANK(Tableau!$AI$53), "LIBRE", "OCCUPÉ") -> LIBRE | U52: =IF(ISBLANK(Tableau!$AK$53), "LIBRE", "OCCUPÉ") -> LIBRE | V52: =IF(ISBLANK(Tableau!$AM$53), "LIBRE", "OCCUPÉ") -> LIBRE | W52: =IF(ISBLANK(Tableau!$AO$53), "LIBRE", "OCCUPÉ") -> OCCUPÉ | X52: =IF(ISBLANK(Tableau!$AQ$53), "LIBRE", "OCCUPÉ") -> LIBRE | Y52: =IF(ISBLANK(Tableau!$AS$53), "LIBRE", "OCCUPÉ") -> OCCUPÉ | Z52: =IF(ISBLANK(Tableau!$AU$53), "LIBRE", "OCCUPÉ") -> LIBRE | AA52: =IF(ISBLANK(Tableau!$AW$53), "LIBRE", "OCCUPÉ") -> OCCUPÉ | AB52: =IF(ISBLANK(Tableau!$AY53), "LIBRE", "OCCUPÉ") -> LIBRE | AC52: Plopsa
A53: =Tableau!A51 -> 223 | B53: =VLOOKUP($A53,LocalisationRemorque,2,0) -> Clavier | C53: =VLOOKUP($A53,LocalisationRemorque,3,0) -> Bois-et-Borsu | D53: =CONCATENATE(VLOOKUP($A53,LocalisationRemorque,6,0)," ► ",VLOOKUP($A53,LocalisationRemorque,5,0)) -> Marche-en-Famenne ► Liège | E53: =IF(ISBLANK(Tableau!$E$53), "LIBRE", "OCCUPÉ") -> LIBRE | F53: =IF(ISBLANK(Tableau!$G$53), "LIBRE", "OCCUPÉ") -> LIBRE | G53: =IF(ISBLANK(Tableau!$I$53), "LIBRE", "OCCUPÉ") -> LIBRE | H53: =IF(ISBLANK(Tableau!$K$53), "LIBRE", "OCCUPÉ") -> LIBRE | I53: =IF(ISBLANK(Tableau!$M$53), "LIBRE", "OCCUPÉ") -> LIBRE | J53: =IF(ISBLANK(Tableau!$O$53), "LIBRE", "OCCUPÉ") -> LIBRE | K53: =IF(ISBLANK(Tableau!$Q$53), "LIBRE", "OCCUPÉ") -> LIBRE | L53: =IF(ISBLANK(Tableau!$S$53), "LIBRE", "OCCUPÉ") -> OCCUPÉ | M53: =IF(ISBLANK(Tableau!$U$53), "LIBRE", "OCCUPÉ") -> LIBRE | N53: =IF(ISBLANK(Tableau!$W$53), "LIBRE", "OCCUPÉ") -> OCCUPÉ | O53: =IF(ISBLANK(Tableau!$Y$53), "LIBRE", "OCCUPÉ") -> LIBRE | P53: =IF(ISBLANK(Tableau!$AA$53), "LIBRE", "OCCUPÉ") -> OCCUPÉ | Q53: =IF(ISBLANK(Tableau!$AC$53), "LIBRE", "OCCUPÉ") -> OCCUPÉ | R53: =IF(ISBLANK(Tableau!$AE$53), "LIBRE", "OCCUPÉ") -> LIBRE | S53: =IF(ISBLANK(Tableau!$AG$53), "LIBRE", "OCCUPÉ") -> OCCUPÉ | T53: =IF(ISBLANK(Tableau!$AI$53), "LIBRE", "OCCUPÉ") -> LIBRE | U53: =IF(ISBLANK(Tableau!$AK$53), "LIBRE", "OCCUPÉ") -> LIBRE | V53: =IF(ISBLANK(Tableau!$AM$53), "LIBRE", "OCCUPÉ") -> LIBRE | W53: =IF(ISBLANK(Tableau!$AO$53), "LIBRE", "OCCUPÉ") -> OCCUPÉ | X53: =IF(ISBLANK(Tableau!$AQ$53), "LIBRE", "OCCUPÉ") -> LIBRE | Y53: =IF(ISBLANK(Tableau!$AS$53), "LIBRE", "OCCUPÉ") -> OCCUPÉ | Z53: =IF(ISBLANK(Tableau!$AU$53), "LIBRE", "OCCUPÉ") -> LIBRE | AA53: =IF(ISBLANK(Tableau!$AW$53), "LIBRE", "OCCUPÉ") -> OCCUPÉ | AB53: =IF(ISBLANK(Tableau!$AY54), "LIBRE", "OCCUPÉ") -> LIBRE
A54: =Tableau!A54 -> 231
A55: =Tableau!A55
A56: =Tableau!A56
A57: =Tableau!A57
A58: =Tableau!A58
A59: =Tableau!A59
A60: =Tableau!A60
A61: =Tableau!A61
A62: =Tableau!A62
A63: =Tableau!A63
A64: =Tableau!A64
A65: =Tableau!A65 -> 301 | B65: =VLOOKUP($A65,LocalisationRemorque,2,0) -> Andenne | C65: =VLOOKUP($A65,LocalisationRemorque,3,0) -> Sclayn pas de garage | D65: =CONCATENATE(VLOOKUP($A65,LocalisationRemorque,6,0)," ► ",VLOOKUP($A65,LocalisationRemorque,5,0)) -> Andenne ► Namur | E65: =IF(ISBLANK(Tableau!$E$65), "LIBRE", "OCCUPÉ") -> OCCUPÉ | F65: =IF(ISBLANK(Tableau!$G$65), "LIBRE", "OCCUPÉ") -> LIBRE | G65: =IF(ISBLANK(Tableau!$I$65), "LIBRE", "OCCUPÉ") -> OCCUPÉ | H65: =IF(ISBLANK(Tableau!$K$65), "LIBRE", "OCCUPÉ") -> LIBRE | I65: =IF(ISBLANK(Tableau!$M$65), "LIBRE", "OCCUPÉ") -> OCCUPÉ | J65: =IF(ISBLANK(Tableau!$O$65), "LIBRE", "OCCUPÉ") -> LIBRE | K65: =IF(ISBLANK(Tableau!$Q$65), "LIBRE", "OCCUPÉ") -> OCCUPÉ | L65: =IF(ISBLANK(Tableau!$S$69), "LIBRE", "OCCUPÉ") -> LIBRE | M65: =IF(ISBLANK(Tableau!$U$65), "LIBRE", "OCCUPÉ") -> OCCUPÉ | N65: =IF(ISBLANK(Tableau!$W$65), "LIBRE", "OCCUPÉ") -> LIBRE | O65: =IF(ISBLANK(Tableau!$Y$65), "LIBRE", "OCCUPÉ") -> LIBRE | P65: =IF(ISBLANK(Tableau!$AA$65), "LIBRE", "OCCUPÉ") -> LIBRE | Q65: =IF(ISBLANK(Tableau!$AC$65), "LIBRE", "OCCUPÉ") -> LIBRE | R65: =IF(ISBLANK(Tableau!$AE$65), "LIBRE", "OCCUPÉ") -> LIBRE | S65: =IF(ISBLANK(Tableau!$AG$65), "LIBRE", "OCCUPÉ") -> LIBRE | T65: =IF(ISBLANK(Tableau!$AI$65), "LIBRE", "OCCUPÉ") -> LIBRE | U65: =IF(ISBLANK(Tableau!$AK$65), "LIBRE", "OCCUPÉ") -> LIBRE | V65: =IF(ISBLANK(Tableau!$AM$65), "LIBRE", "OCCUPÉ") -> LIBRE | W65: =IF(ISBLANK(Tableau!$AO$65), "LIBRE", "OCCUPÉ") -> LIBRE | X65: =IF(ISBLANK(Tableau!$AQ$65), "LIBRE", "OCCUPÉ") -> LIBRE | Y65: =IF(ISBLANK(Tableau!$AS$65), "LIBRE", "OCCUPÉ") -> LIBRE | Z65: =IF(ISBLANK(Tableau!$AU$65), "LIBRE", "OCCUPÉ") -> LIBRE | AA65: =IF(ISBLANK(Tableau!$AW$65), "LIBRE", "OCCUPÉ") -> LIBRE | AB65: =IF(ISBLANK(Tableau!$AY65), "LIBRE", "OCCUPÉ") -> LIBRE | AC65: Plopsa
A66: =Tableau!A66 | B66: =VLOOKUP($A66,LocalisationRemorque,2,0) -> Remorque non listée | C66: =VLOOKUP($A66,LocalisationRemorque,3,0) | D66: =CONCATENATE(VLOOKUP($A66,LocalisationRemorque,6,0)," ► ",VLOOKUP($A66,LocalisationRemorque,5,0)) -> ► | E66: =IF(ISBLANK(Tableau!$E$66), "LIBRE", "OCCUPÉ") -> LIBRE | F66: =IF(ISBLANK(Tableau!$G$66), "LIBRE", "OCCUPÉ") -> LIBRE | G66: =IF(ISBLANK(Tableau!$I$66), "LIBRE", "OCCUPÉ") -> OCCUPÉ | H66: =IF(ISBLANK(Tableau!$K$66), "LIBRE", "OCCUPÉ") -> LIBRE | I66: =IF(ISBLANK(Tableau!$M$66), "LIBRE", "OCCUPÉ") -> LIBRE | J66: =IF(ISBLANK(Tableau!$O$66), "LIBRE", "OCCUPÉ") -> LIBRE | K66: =IF(ISBLANK(Tableau!$Q$66), "LIBRE", "OCCUPÉ") -> LIBRE | L66: =IF(ISBLANK(Tableau!$S$66), "LIBRE", "OCCUPÉ") -> LIBRE | M66: =IF(ISBLANK(Tableau!$U$66), "LIBRE", "OCCUPÉ") -> LIBRE | N66: =IF(ISBLANK(Tableau!$W$66), "LIBRE", "OCCUPÉ") -> LIBRE | O66: =IF(ISBLANK(Tableau!$Y$66), "LIBRE", "OCCUPÉ") -> LIBRE | P66: =IF(ISBLANK(Tableau!$AA$66), "LIBRE", "OCCUPÉ") -> LIBRE | Q66: =IF(ISBLANK(Tableau!$AC$66), "LIBRE", "OCCUPÉ") -> LIBRE | R66: =IF(ISBLANK(Tableau!$AE$66), "LIBRE", "OCCUPÉ") -> LIBRE | S66: =IF(ISBLANK(Tableau!$AG$66), "LIBRE", "OCCUPÉ") -> LIBRE | T66: =IF(ISBLANK(Tableau!$AI$66), "LIBRE", "OCCUPÉ") -> LIBRE | U66: =IF(ISBLANK(Tableau!$AK$66), "LIBRE", "OCCUPÉ") -> LIBRE | V66: =IF(ISBLANK(Tableau!$AM$66), "LIBRE", "OCCUPÉ") -> LIBRE | W66: =IF(ISBLANK(Tableau!$AO$66), "LIBRE", "OCCUPÉ") -> LIBRE | X66: =IF(ISBLANK(Tableau!$AQ$66), "LIBRE", "OCCUPÉ") -> LIBRE | Y66: =IF(ISBLANK(Tableau!$AS$66), "LIBRE", "OCCUPÉ") -> LIBRE | Z66: =IF(ISBLANK(Tableau!$AU$66), "LIBRE", "OCCUPÉ") -> LIBRE | AA66: =IF(ISBLANK(Tableau!$AW$66), "LIBRE", "OCCUPÉ") -> LIBRE | AB66: =IF(ISBLANK(Tableau!$AY66), "LIBRE", "OCCUPÉ") -> LIBRE
A67: =Tableau!A67 -> 303 | B67: =VLOOKUP($A67,LocalisationRemorque,2,0) -> Andenne | C67: =VLOOKUP($A67,LocalisationRemorque,3,0) -> Haute Bise | D67: =CONCATENATE(VLOOKUP($A67,LocalisationRemorque,6,0)," ► ",VLOOKUP($A67,LocalisationRemorque,5,0)) -> Andenne ► Ciney | E67: =IF(ISBLANK(Tableau!$E$67), "LIBRE", "OCCUPÉ") -> OCCUPÉ | F67: =IF(ISBLANK(Tableau!$G$67), "LIBRE", "OCCUPÉ") -> LIBRE | G67: =IF(ISBLANK(Tableau!$I$67), "LIBRE", "OCCUPÉ") -> OCCUPÉ | H67: =IF(ISBLANK(Tableau!$K$67), "LIBRE", "OCCUPÉ") -> LIBRE | I67: =IF(ISBLANK(Tableau!$M$67), "LIBRE", "OCCUPÉ") -> OCCUPÉ | J67: =IF(ISBLANK(Tableau!$O$67), "LIBRE", "OCCUPÉ") -> LIBRE | K67: =IF(ISBLANK(Tableau!$Q$67), "LIBRE", "OCCUPÉ") -> OCCUPÉ | L67: =IF(ISBLANK(Tableau!$S$67), "LIBRE", "OCCUPÉ") -> LIBRE | M67: =IF(ISBLANK(Tableau!$U$67), "LIBRE", "OCCUPÉ") -> OCCUPÉ | N67: =IF(ISBLANK(Tableau!$W$67), "LIBRE", "OCCUPÉ") -> LIBRE | O67: =IF(ISBLANK(Tableau!$Y$67), "LIBRE", "OCCUPÉ") -> LIBRE | P67: =IF(ISBLANK(Tableau!$AA$67), "LIBRE", "OCCUPÉ") -> LIBRE | Q67: =IF(ISBLANK(Tableau!$AC$67), "LIBRE", "OCCUPÉ") -> LIBRE | R67: =IF(ISBLANK(Tableau!$AE$67), "LIBRE", "OCCUPÉ") -> LIBRE | S67: =IF(ISBLANK(Tableau!$AG$67), "LIBRE", "OCCUPÉ") -> LIBRE | T67: =IF(ISBLANK(Tableau!$AI$67), "LIBRE", "OCCUPÉ") -> LIBRE | U67: =IF(ISBLANK(Tableau!$AC$67), "LIBRE", "OCCUPÉ") -> LIBRE | V67: =IF(ISBLANK(Tableau!$AM$67), "LIBRE", "OCCUPÉ") -> LIBRE | W67: =IF(ISBLANK(Tableau!$AO$67), "LIBRE", "OCCUPÉ") -> LIBRE | X67: =IF(ISBLANK(Tableau!$AQ$67), "LIBRE", "OCCUPÉ") -> LIBRE | Y67: =IF(ISBLANK(Tableau!$AS$67), "LIBRE", "OCCUPÉ") -> LIBRE | Z67: =IF(ISBLANK(Tableau!$AU$67), "LIBRE", "OCCUPÉ") -> LIBRE | AA67: =IF(ISBLANK(Tableau!$AW$67), "LIBRE", "OCCUPÉ") -> LIBRE | AB67: =IF(ISBLANK(Tableau!$AY67), "LIBRE", "OCCUPÉ") -> LIBRE | AC67: Plopsa
A68: =Tableau!A68 -> 304 | B68: =VLOOKUP($A68,LocalisationRemorque,2,0) -> Andenne | C68: =VLOOKUP($A68,LocalisationRemorque,3,0) -> Ohey | D68: =CONCATENATE(VLOOKUP($A68,LocalisationRemorque,6,0)," ► ",VLOOKUP($A68,LocalisationRemorque,5,0)) -> Ciney ► Andenne | E68: =IF(ISBLANK(Tableau!$E$68), "LIBRE", "OCCUPÉ") -> OCCUPÉ | F68: =IF(ISBLANK(Tableau!$G$68), "LIBRE", "OCCUPÉ") -> LIBRE | G68: =IF(ISBLANK(Tableau!$I$68), "LIBRE", "OCCUPÉ") -> OCCUPÉ | H68: =IF(ISBLANK(Tableau!$K$68), "LIBRE", "OCCUPÉ") -> LIBRE | I68: =IF(ISBLANK(Tableau!$M$68), "LIBRE", "OCCUPÉ") -> OCCUPÉ | J68: =IF(ISBLANK(Tableau!$O$68), "LIBRE", "OCCUPÉ") -> LIBRE | K68: =IF(ISBLANK(Tableau!$Q$68), "LIBRE", "OCCUPÉ") -> OCCUPÉ | L68: =IF(ISBLANK(Tableau!$S$68), "LIBRE", "OCCUPÉ") -> LIBRE | M68: =IF(ISBLANK(Tableau!$U$68), "LIBRE", "OCCUPÉ") -> OCCUPÉ | N68: =IF(ISBLANK(Tableau!$W$68), "LIBRE", "OCCUPÉ") -> LIBRE | O68: =IF(ISBLANK(Tableau!$Y$68), "LIBRE", "OCCUPÉ") -> LIBRE | P68: =IF(ISBLANK(Tableau!$AA$68), "LIBRE", "OCCUPÉ") -> LIBRE | Q68: =IF(ISBLANK(Tableau!$AC$68), "LIBRE", "OCCUPÉ") -> LIBRE | R68: =IF(ISBLANK(Tableau!$AE$68), "LIBRE", "OCCUPÉ") -> LIBRE | S68: =IF(ISBLANK(Tableau!$AG$68), "LIBRE", "OCCUPÉ") -> LIBRE | T68: =IF(ISBLANK(Tableau!$AI$68), "LIBRE", "OCCUPÉ") -> LIBRE | U68: =IF(ISBLANK(Tableau!$AK$68), "LIBRE", "OCCUPÉ") -> LIBRE | V68: =IF(ISBLANK(Tableau!$AM$68), "LIBRE", "OCCUPÉ") -> LIBRE | W68: =IF(ISBLANK(Tableau!$AO$68), "LIBRE", "OCCUPÉ") -> LIBRE | X68: =IF(ISBLANK(Tableau!$AQ$68), "LIBRE", "OCCUPÉ") -> LIBRE | Y68: =IF(ISBLANK(Tableau!$AS$68), "LIBRE", "OCCUPÉ") -> LIBRE | Z68: =IF(ISBLANK(Tableau!$AU$68), "LIBRE", "OCCUPÉ") -> LIBRE | AA68: =IF(ISBLANK(Tableau!$AW$68), "LIBRE", "OCCUPÉ") -> LIBRE | AB68: =IF(ISBLANK(Tableau!$AY68), "LIBRE", "OCCUPÉ") -> LIBRE | AC68: Plopsa
A69: =Tableau!A69 -> 305 | B69: =VLOOKUP($A69,LocalisationRemorque,2,0) -> Andenne | C69: =VLOOKUP($A69,LocalisationRemorque,3,0) -> Bierwart | D69: =CONCATENATE(VLOOKUP($A69,LocalisationRemorque,6,0)," ► ",VLOOKUP($A69,LocalisationRemorque,5,0)) -> Hannut ► Fernelmont | E69: =IF(ISBLANK(Tableau!$E$69), "LIBRE", "OCCUPÉ") -> LIBRE | F69: =IF(ISBLANK(Tableau!$G$69), "LIBRE", "OCCUPÉ") -> LIBRE | G69: =IF(ISBLANK(Tableau!$I$69), "LIBRE", "OCCUPÉ") -> LIBRE | H69: =IF(ISBLANK(Tableau!$K$69), "LIBRE", "OCCUPÉ") -> LIBRE | I69: =IF(ISBLANK(Tableau!$M$69), "LIBRE", "OCCUPÉ") -> LIBRE | J69: =IF(ISBLANK(Tableau!$O$69), "LIBRE", "OCCUPÉ") -> LIBRE | K69: =IF(ISBLANK(Tableau!$Q$69), "LIBRE", "OCCUPÉ") -> LIBRE | L69: =IF(ISBLANK(Tableau!$S$69), "LIBRE", "OCCUPÉ") -> LIBRE | M69: =IF(ISBLANK(Tableau!$U$69), "LIBRE", "OCCUPÉ") -> LIBRE | N69: =IF(ISBLANK(Tableau!$W$69), "LIBRE", "OCCUPÉ") -> LIBRE | O69: =IF(ISBLANK(Tableau!$Y$69), "LIBRE", "OCCUPÉ") -> LIBRE | P69: =IF(ISBLANK(Tableau!$AA$69), "LIBRE", "OCCUPÉ") -> LIBRE | Q69: =IF(ISBLANK(Tableau!$AC$69), "LIBRE", "OCCUPÉ") -> LIBRE | R69: =IF(ISBLANK(Tableau!$AE$69), "LIBRE", "OCCUPÉ") -> LIBRE | S69: =IF(ISBLANK(Tableau!$AG$69), "LIBRE", "OCCUPÉ") -> LIBRE | T69: =IF(ISBLANK(Tableau!$AI$69), "LIBRE", "OCCUPÉ") -> LIBRE | U69: =IF(ISBLANK(Tableau!$AK$69), "LIBRE", "OCCUPÉ") -> LIBRE | V69: =IF(ISBLANK(Tableau!$AM$69), "LIBRE", "OCCUPÉ") -> LIBRE | W69: =IF(ISBLANK(Tableau!$AO$69), "LIBRE", "OCCUPÉ") -> LIBRE | X69: =IF(ISBLANK(Tableau!$AQ$69), "LIBRE", "OCCUPÉ") -> LIBRE | Y69: =IF(ISBLANK(Tableau!$AS$69), "LIBRE", "OCCUPÉ") -> LIBRE | Z69: =IF(ISBLANK(Tableau!$AU$69), "LIBRE", "OCCUPÉ") -> LIBRE | AA69: =IF(ISBLANK(Tableau!$AW$69), "LIBRE", "OCCUPÉ") -> LIBRE | AB69: =IF(ISBLANK(Tableau!$AY69), "LIBRE", "OCCUPÉ") -> LIBRE | AC69: Plopsa
A70: =Tableau!A70 -> 306 | B70: =VLOOKUP($A70,LocalisationRemorque,2,0) -> Beauraing | C70: =VLOOKUP($A70,LocalisationRemorque,3,0) -> Focant | D70: =CONCATENATE(VLOOKUP($A70,LocalisationRemorque,6,0)," ► ",VLOOKUP($A70,LocalisationRemorque,5,0)) -> Beauraing ► Rochefort | E70: =IF(ISBLANK(Tableau!$E$70), "LIBRE", "OCCUPÉ") -> LIBRE | F70: =IF(ISBLANK(Tableau!$G$70), "LIBRE", "OCCUPÉ") -> LIBRE | G70: =IF(ISBLANK(Tableau!$I$70), "LIBRE", "OCCUPÉ") -> LIBRE | H70: =IF(ISBLANK(Tableau!$K$70), "LIBRE", "OCCUPÉ") -> LIBRE | I70: =IF(ISBLANK(Tableau!$M$70), "LIBRE", "OCCUPÉ") -> LIBRE | J70: =IF(ISBLANK(Tableau!$O$70), "LIBRE", "OCCUPÉ") -> LIBRE | K70: =IF(ISBLANK(Tableau!$Q$70), "LIBRE", "OCCUPÉ") -> LIBRE | L70: =IF(ISBLANK(Tableau!$S$70), "LIBRE", "OCCUPÉ") -> LIBRE | M70: =IF(ISBLANK(Tableau!$U$70), "LIBRE", "OCCUPÉ") -> LIBRE | N70: =IF(ISBLANK(Tableau!$W$70), "LIBRE", "OCCUPÉ") -> LIBRE | O70: =IF(ISBLANK(Tableau!$Y$70), "LIBRE", "OCCUPÉ") -> LIBRE | P70: =IF(ISBLANK(Tableau!$AA$70), "LIBRE", "OCCUPÉ") -> LIBRE | Q70: =IF(ISBLANK(Tableau!$AC$70), "LIBRE", "OCCUPÉ") -> LIBRE | R70: =IF(ISBLANK(Tableau!$AE$70), "LIBRE", "OCCUPÉ") -> LIBRE | S70: =IF(ISBLANK(Tableau!$AG$70), "LIBRE", "OCCUPÉ") -> LIBRE | T70: =IF(ISBLANK(Tableau!$AI$70), "LIBRE", "OCCUPÉ") -> LIBRE | U70: =IF(ISBLANK(Tableau!$AK$70), "LIBRE", "OCCUPÉ") -> LIBRE | V70: =IF(ISBLANK(Tableau!$AM$70), "LIBRE", "OCCUPÉ") -> LIBRE | W70: =IF(ISBLANK(Tableau!$AO$70), "LIBRE", "OCCUPÉ") -> LIBRE | X70: =IF(ISBLANK(Tableau!$AQ$70), "LIBRE", "OCCUPÉ") -> LIBRE | Y70: =IF(ISBLANK(Tableau!$AS$70), "LIBRE", "OCCUPÉ") -> LIBRE | Z70: =IF(ISBLANK(Tableau!$AU$70), "LIBRE", "OCCUPÉ") -> LIBRE | AA70: =IF(ISBLANK(Tableau!$AW$70), "LIBRE", "OCCUPÉ") -> LIBRE | AB70: =IF(ISBLANK(Tableau!$AY70), "LIBRE", "OCCUPÉ") -> LIBRE | AC70: Plopsa
A71: =Tableau!A71 -> 307 | B71: =VLOOKUP($A71,LocalisationRemorque,2,0) -> Hamois | C71: =VLOOKUP($A71,LocalisationRemorque,3,0) -> Hamois | D71: =CONCATENATE(VLOOKUP($A71,LocalisationRemorque,6,0)," ► ",VLOOKUP($A71,LocalisationRemorque,5,0)) -> Ciney ► Havelange | E71: =IF(ISBLANK(Tableau!$E$71), "LIBRE", "OCCUPÉ") -> LIBRE | F71: =IF(ISBLANK(Tableau!$G$71), "LIBRE", "OCCUPÉ") -> LIBRE | G71: =IF(ISBLANK(Tableau!$I$71), "LIBRE", "OCCUPÉ") -> LIBRE | H71: =IF(ISBLANK(Tableau!$K$71), "LIBRE", "OCCUPÉ") -> LIBRE | I71: =IF(ISBLANK(Tableau!$M$71), "LIBRE", "OCCUPÉ") -> LIBRE | J71: =IF(ISBLANK(Tableau!$O$71), "LIBRE", "OCCUPÉ") -> LIBRE | K71: =IF(ISBLANK(Tableau!$Q$71), "LIBRE", "OCCUPÉ") -> LIBRE | L71: =IF(ISBLANK(Tableau!$S$71), "LIBRE", "OCCUPÉ") -> LIBRE | M71: =IF(ISBLANK(Tableau!$U$71), "LIBRE", "OCCUPÉ") -> LIBRE | N71: =IF(ISBLANK(Tableau!$W$71), "LIBRE", "OCCUPÉ") -> LIBRE | O71: =IF(ISBLANK(Tableau!$Y$71), "LIBRE", "OCCUPÉ") -> LIBRE | P71: =IF(ISBLANK(Tableau!$AA$71), "LIBRE", "OCCUPÉ") -> LIBRE | Q71: =IF(ISBLANK(Tableau!$AC$71), "LIBRE", "OCCUPÉ") -> LIBRE | R71: =IF(ISBLANK(Tableau!$AE$71), "LIBRE", "OCCUPÉ") -> OCCUPÉ | S71: =IF(ISBLANK(Tableau!$AG$71), "LIBRE", "OCCUPÉ") -> LIBRE | T71: =IF(ISBLANK(Tableau!$AI$71), "LIBRE", "OCCUPÉ") -> LIBRE | U71: =IF(ISBLANK(Tableau!$AK$71), "LIBRE", "OCCUPÉ") -> LIBRE | V71: =IF(ISBLANK(Tableau!$AM$71), "LIBRE", "OCCUPÉ") -> LIBRE | W71: =IF(ISBLANK(Tableau!$AO$71), "LIBRE", "OCCUPÉ") -> LIBRE | X71: =IF(ISBLANK(Tableau!$AQ$71), "LIBRE", "OCCUPÉ") -> LIBRE | Y71: =IF(ISBLANK(Tableau!$AS$71), "LIBRE", "OCCUPÉ") -> LIBRE | Z71: =IF(ISBLANK(Tableau!$AU$71), "LIBRE", "OCCUPÉ") -> LIBRE | AA71: =IF(ISBLANK(Tableau!$AW$71), "LIBRE", "OCCUPÉ") -> LIBRE | AB71: =IF(ISBLANK(Tableau!$AY71), "LIBRE", "OCCUPÉ") -> LIBRE | AC71: Plopsa
A72: =Tableau!A72 -> 367 | B72: =VLOOKUP($A72,LocalisationRemorque,2,0) -> Hamois | C72: =VLOOKUP($A72,LocalisationRemorque,3,0) -> Hamois 2 | D72: =CONCATENATE(VLOOKUP($A72,LocalisationRemorque,6,0)," ► ",VLOOKUP($A72,LocalisationRemorque,5,0)) -> Havelange ► Ciney | E72: =IF(ISBLANK(Tableau!$E$72), "LIBRE", "OCCUPÉ") -> LIBRE | F72: =IF(ISBLANK(Tableau!$G$72), "LIBRE", "OCCUPÉ") -> LIBRE | G72: =IF(ISBLANK(Tableau!$I$72), "LIBRE", "OCCUPÉ") -> LIBRE | H72: =IF(ISBLANK(Tableau!$K$72), "LIBRE", "OCCUPÉ") -> LIBRE | I72: =IF(ISBLANK(Tableau!$M$72), "LIBRE", "OCCUPÉ") -> LIBRE | J72: =IF(ISBLANK(Tableau!$O$72), "LIBRE", "OCCUPÉ") -> LIBRE | K72: =IF(ISBLANK(Tableau!$Q$72), "LIBRE", "OCCUPÉ") -> LIBRE | L72: =IF(ISBLANK(Tableau!$S$72), "LIBRE", "OCCUPÉ") -> LIBRE | M72: =IF(ISBLANK(Tableau!$U$72), "LIBRE", "OCCUPÉ") -> LIBRE | N72: =IF(ISBLANK(Tableau!$W$72), "LIBRE", "OCCUPÉ") -> LIBRE | O72: =IF(ISBLANK(Tableau!$Y$72), "LIBRE", "OCCUPÉ") -> LIBRE | P72: =IF(ISBLANK(Tableau!$AA$72), "LIBRE", "OCCUPÉ") -> LIBRE | Q72: =IF(ISBLANK(Tableau!$AC$72), "LIBRE", "OCCUPÉ") -> LIBRE | R72: =IF(ISBLANK(Tableau!$AE$72), "LIBRE", "OCCUPÉ") -> LIBRE | S72: =IF(ISBLANK(Tableau!$AG$72), "LIBRE", "OCCUPÉ") -> LIBRE | T72: =IF(ISBLANK(Tableau!$AI$72), "LIBRE", "OCCUPÉ") -> LIBRE | U72: =IF(ISBLANK(Tableau!$AK$72), "LIBRE", "OCCUPÉ") -> LIBRE | V72: =IF(ISBLANK(Tableau!$AM$72), "LIBRE", "OCCUPÉ") -> LIBRE | W72: =IF(ISBLANK(Tableau!$AO$72), "LIBRE", "OCCUPÉ") -> LIBRE | X72: =IF(ISBLANK(Tableau!$AQ$72), "LIBRE", "OCCUPÉ") -> LIBRE | Y72: =IF(ISBLANK(Tableau!$AS$72), "LIBRE", "OCCUPÉ") -> LIBRE | Z72: =IF(ISBLANK(Tableau!$AU$72), "LIBRE", "OCCUPÉ") -> LIBRE | AA72: =IF(ISBLANK(Tableau!$AW$72), "LIBRE", "OCCUPÉ") -> OCCUPÉ | AB72: =IF(ISBLANK(Tableau!$AY72), "LIBRE", "OCCUPÉ") -> LIBRE | AC72: Plopsa
A73: =Tableau!A73 -> 308 | B73: =VLOOKUP($A73,LocalisationRemorque,2,0) -> Ciney | C73: =VLOOKUP($A73,LocalisationRemorque,3,0) -> Barcène | D73: =CONCATENATE(VLOOKUP($A73,LocalisationRemorque,6,0)," ► ",VLOOKUP($A73,LocalisationRemorque,5,0)) -> Rochefort ► Ciney | E73: =IF(ISBLANK(Tableau!$E$73), "LIBRE", "OCCUPÉ") -> LIBRE | F73: =IF(ISBLANK(Tableau!$G$73), "LIBRE", "OCCUPÉ") -> LIBRE | G73: =IF(ISBLANK(Tableau!$I$73), "LIBRE", "OCCUPÉ") -> LIBRE | H73: =IF(ISBLANK(Tableau!$K$73), "LIBRE", "OCCUPÉ") -> LIBRE | I73: =IF(ISBLANK(Tableau!$M$73), "LIBRE", "OCCUPÉ") -> LIBRE | J73: =IF(ISBLANK(Tableau!$O$73), "LIBRE", "OCCUPÉ") -> LIBRE | K73: =IF(ISBLANK(Tableau!$Q$73), "LIBRE", "OCCUPÉ") -> LIBRE | L73: =IF(ISBLANK(Tableau!$S$73), "LIBRE", "OCCUPÉ") -> LIBRE | M73: =IF(ISBLANK(Tableau!$U$73), "LIBRE", "OCCUPÉ") -> LIBRE | N73: =IF(ISBLANK(Tableau!$W$73), "LIBRE", "OCCUPÉ") -> LIBRE | O73: =IF(ISBLANK(Tableau!$Y$73), "LIBRE", "OCCUPÉ") -> LIBRE | P73: =IF(ISBLANK(Tableau!$AA$73), "LIBRE", "OCCUPÉ") -> LIBRE | Q73: =IF(ISBLANK(Tableau!$AC$73), "LIBRE", "OCCUPÉ") -> LIBRE | R73: =IF(ISBLANK(Tableau!$AE$73), "LIBRE", "OCCUPÉ") -> LIBRE | S73: =IF(ISBLANK(Tableau!$AG$73), "LIBRE", "OCCUPÉ") -> LIBRE | T73: =IF(ISBLANK(Tableau!$AI$73), "LIBRE", "OCCUPÉ") -> LIBRE | U73: =IF(ISBLANK(Tableau!$AK$73), "LIBRE", "OCCUPÉ") -> LIBRE | V73: =IF(ISBLANK(Tableau!$AM$73), "LIBRE", "OCCUPÉ") -> LIBRE | W73: =IF(ISBLANK(Tableau!$AO$73), "LIBRE", "OCCUPÉ") -> LIBRE | X73: =IF(ISBLANK(Tableau!$AQ$73), "LIBRE", "OCCUPÉ") -> LIBRE | Y73: =IF(ISBLANK(Tableau!$AS$73), "LIBRE", "OCCUPÉ") -> LIBRE | Z73: =IF(ISBLANK(Tableau!$AU$73), "LIBRE", "OCCUPÉ") -> LIBRE | AA73: =IF(ISBLANK(Tableau!$AW$73), "LIBRE", "OCCUPÉ") -> LIBRE | AB73: =IF(ISBLANK(Tableau!$AY73), "LIBRE", "OCCUPÉ") -> LIBRE | AC73: Plopsa
A74: =Tableau!A74 -> 319 | B74: =VLOOKUP($A74,LocalisationRemorque,2,0) -> Ciney | C74: =VLOOKUP($A74,LocalisationRemorque,3,0) -> Lienne Haut | D74: =CONCATENATE(VLOOKUP($A74,LocalisationRemorque,6,0)," ► ",VLOOKUP($A74,LocalisationRemorque,5,0)) -> Ciney ► Andenne | E74: =IF(ISBLANK(Tableau!$E$74), "LIBRE", "OCCUPÉ") -> LIBRE | F74: =IF(ISBLANK(Tableau!$G$74), "LIBRE", "OCCUPÉ") -> LIBRE | G74: =IF(ISBLANK(Tableau!$I$74), "LIBRE", "OCCUPÉ") -> LIBRE | H74: =IF(ISBLANK(Tableau!$K$74), "LIBRE", "OCCUPÉ") -> LIBRE | I74: =IF(ISBLANK(Tableau!$M$74), "LIBRE", "OCCUPÉ") -> LIBRE | J74: =IF(ISBLANK(Tableau!$O$74), "LIBRE", "OCCUPÉ") -> LIBRE | K74: =IF(ISBLANK(Tableau!$Q$74), "LIBRE", "OCCUPÉ") -> LIBRE | L74: =IF(ISBLANK(Tableau!$S$74), "LIBRE", "OCCUPÉ") -> LIBRE | M74: =IF(ISBLANK(Tableau!$U$74), "LIBRE", "OCCUPÉ") -> LIBRE | N74: =IF(ISBLANK(Tableau!$W$74), "LIBRE", "OCCUPÉ") -> LIBRE | O74: =IF(ISBLANK(Tableau!$Y$74), "LIBRE", "OCCUPÉ") -> LIBRE | P74: =IF(ISBLANK(Tableau!$AA$74), "LIBRE", "OCCUPÉ") -> LIBRE | Q74: =IF(ISBLANK(Tableau!$AC$74), "LIBRE", "OCCUPÉ") -> LIBRE | R74: =IF(ISBLANK(Tableau!$AE$74), "LIBRE", "OCCUPÉ") -> LIBRE | S74: =IF(ISBLANK(Tableau!$AG$74), "LIBRE", "OCCUPÉ") -> LIBRE | T74: =IF(ISBLANK(Tableau!$AI$74), "LIBRE", "OCCUPÉ") -> LIBRE | U74: =IF(ISBLANK(Tableau!$AK$74), "LIBRE", "OCCUPÉ") -> LIBRE | V74: =IF(ISBLANK(Tableau!$AM$74), "LIBRE", "OCCUPÉ") -> LIBRE | W74: =IF(ISBLANK(Tableau!$AO$74), "LIBRE", "OCCUPÉ") -> LIBRE | X74: =IF(ISBLANK(Tableau!$AQ$74), "LIBRE", "OCCUPÉ") -> LIBRE | Y74: =IF(ISBLANK(Tableau!$AS$74), "LIBRE", "OCCUPÉ") -> LIBRE | Z74: =IF(ISBLANK(Tableau!$AU$74), "LIBRE", "OCCUPÉ") -> LIBRE | AA74: =IF(ISBLANK(Tableau!$AW$74), "LIBRE", "OCCUPÉ") -> LIBRE | AB74: =IF(ISBLANK(Tableau!$AY74), "LIBRE", "OCCUPÉ") -> LIBRE | AC74: Plopsa
A75: =Tableau!A75 -> 309 | B75: =VLOOKUP($A75,LocalisationRemorque,2,0) -> Ciney | C75: =VLOOKUP($A75,LocalisationRemorque,3,0) -> Lienne Bas | D75: =CONCATENATE(VLOOKUP($A75,LocalisationRemorque,6,0)," ► ",VLOOKUP($A75,LocalisationRemorque,5,0)) -> Andenne ► Ciney Centre | E75: =IF(ISBLANK(Tableau!$E$75), "LIBRE", "OCCUPÉ") -> LIBRE | F75: =IF(ISBLANK(Tableau!$G$75), "LIBRE", "OCCUPÉ") -> LIBRE | G75: =IF(ISBLANK(Tableau!$I$75), "LIBRE", "OCCUPÉ") -> LIBRE | H75: =IF(ISBLANK(Tableau!$K$75), "LIBRE", "OCCUPÉ") -> LIBRE | I75: =IF(ISBLANK(Tableau!$M$75), "LIBRE", "OCCUPÉ") -> LIBRE | J75: =IF(ISBLANK(Tableau!$O$75), "LIBRE", "OCCUPÉ") -> LIBRE | K75: =IF(ISBLANK(Tableau!$Q$75), "LIBRE", "OCCUPÉ") -> LIBRE | L75: =IF(ISBLANK(Tableau!$S$75), "LIBRE", "OCCUPÉ") -> LIBRE | M75: =IF(ISBLANK(Tableau!$U$75), "LIBRE", "OCCUPÉ") -> LIBRE | N75: =IF(ISBLANK(Tableau!$W$75), "LIBRE", "OCCUPÉ") -> LIBRE | O75: =IF(ISBLANK(Tableau!$Y$75), "LIBRE", "OCCUPÉ") -> LIBRE | P75: =IF(ISBLANK(Tableau!$AA$75), "LIBRE", "OCCUPÉ") -> LIBRE | Q75: =IF(ISBLANK(Tableau!$AC$75), "LIBRE", "OCCUPÉ") -> LIBRE | R75: =IF(ISBLANK(Tableau!$AE$75), "LIBRE", "OCCUPÉ") -> LIBRE | S75: =IF(ISBLANK(Tableau!$AG$75), "LIBRE", "OCCUPÉ") -> LIBRE | T75: =IF(ISBLANK(Tableau!$AI$75), "LIBRE", "OCCUPÉ") -> LIBRE | U75: =IF(ISBLANK(Tableau!$AK$75), "LIBRE", "OCCUPÉ") -> LIBRE | V75: =IF(ISBLANK(Tableau!$AM$75), "LIBRE", "OCCUPÉ") -> LIBRE | W75: =IF(ISBLANK(Tableau!$AO$75), "LIBRE", "OCCUPÉ") -> LIBRE | X75: =IF(ISBLANK(Tableau!$AQ$75), "LIBRE", "OCCUPÉ") -> LIBRE | Y75: =IF(ISBLANK(Tableau!$AS$75), "LIBRE", "OCCUPÉ") -> LIBRE | Z75: =IF(ISBLANK(Tableau!$AU$75), "LIBRE", "OCCUPÉ") -> LIBRE | AA75: =IF(ISBLANK(Tableau!$AW$75), "LIBRE", "OCCUPÉ") -> LIBRE | AB75: =IF(ISBLANK(Tableau!$AY75), "LIBRE", "OCCUPÉ") -> LIBRE | AC75: Plopsa
A76: =Tableau!A76 -> 310 | B76: =VLOOKUP($A76,LocalisationRemorque,2,0) -> Ciney | C76: =VLOOKUP($A76,LocalisationRemorque,3,0) -> Biron Bas | D76: =CONCATENATE(VLOOKUP($A76,LocalisationRemorque,6,0)," ► ",VLOOKUP($A76,LocalisationRemorque,5,0)) -> Ciney ► N4 | E76: =IF(ISBLANK(Tableau!$E$76), "LIBRE", "OCCUPÉ") -> LIBRE | F76: =IF(ISBLANK(Tableau!$G$76), "LIBRE", "OCCUPÉ") -> LIBRE | G76: =IF(ISBLANK(Tableau!$I$76), "LIBRE", "OCCUPÉ") -> LIBRE | H76: =IF(ISBLANK(Tableau!$K$76), "LIBRE", "OCCUPÉ") -> LIBRE | I76: =IF(ISBLANK(Tableau!$M$76), "LIBRE", "OCCUPÉ") -> LIBRE | J76: =IF(ISBLANK(Tableau!$O$76), "LIBRE", "OCCUPÉ") -> LIBRE | K76: =IF(ISBLANK(Tableau!$Q$76), "LIBRE", "OCCUPÉ") -> LIBRE | L76: =IF(ISBLANK(Tableau!$S$76), "LIBRE", "OCCUPÉ") -> LIBRE | M76: =IF(ISBLANK(Tableau!$U$76), "LIBRE", "OCCUPÉ") -> LIBRE | N76: =IF(ISBLANK(Tableau!$W$76), "LIBRE", "OCCUPÉ") -> LIBRE | O76: =IF(ISBLANK(Tableau!$Y$76), "LIBRE", "OCCUPÉ") -> LIBRE | P76: =IF(ISBLANK(Tableau!$AA$76), "LIBRE", "OCCUPÉ") -> LIBRE | Q76: =IF(ISBLANK(Tableau!$AC$76), "LIBRE", "OCCUPÉ") -> LIBRE | R76: =IF(ISBLANK(Tableau!$AE$76), "LIBRE", "OCCUPÉ") -> LIBRE | S76: =IF(ISBLANK(Tableau!$AG$76), "LIBRE", "OCCUPÉ") -> LIBRE | T76: =IF(ISBLANK(Tableau!$AI$76), "LIBRE", "OCCUPÉ") -> LIBRE | U76: =IF(ISBLANK(Tableau!$AK$76), "LIBRE", "OCCUPÉ") -> LIBRE | V76: =IF(ISBLANK(Tableau!$AM$76), "LIBRE", "OCCUPÉ") -> OCCUPÉ | W76: =IF(ISBLANK(Tableau!$AO$76), "LIBRE", "OCCUPÉ") -> LIBRE | X76: =IF(ISBLANK(Tableau!$AQ$76), "LIBRE", "OCCUPÉ") -> LIBRE | Y76: =IF(ISBLANK(Tableau!$AS$76), "LIBRE", "OCCUPÉ") -> LIBRE | Z76: =IF(ISBLANK(Tableau!$AU$76), "LIBRE", "OCCUPÉ") -> LIBRE | AA76: =IF(ISBLANK(Tableau!$AW$76), "LIBRE", "OCCUPÉ") -> LIBRE | AB76: =IF(ISBLANK(Tableau!$AY76), "LIBRE", "OCCUPÉ") -> LIBRE | AC76: Plopsa
A77: =Tableau!A77 -> 311 | B77: =VLOOKUP($A77,LocalisationRemorque,2,0) -> Ciney | C77: =VLOOKUP($A77,LocalisationRemorque,3,0) -> N4 Sanseau | D77: =CONCATENATE(VLOOKUP($A77,LocalisationRemorque,6,0)," ► ",VLOOKUP($A77,LocalisationRemorque,5,0)) -> Namur ► Marche-en-Famenne | E77: =IF(ISBLANK(Tableau!$E$77), "LIBRE", "OCCUPÉ") -> LIBRE | F77: =IF(ISBLANK(Tableau!$G$77), "LIBRE", "OCCUPÉ") -> LIBRE | G77: =IF(ISBLANK(Tableau!$I$77), "LIBRE", "OCCUPÉ") -> LIBRE | H77: =IF(ISBLANK(Tableau!$K$77), "LIBRE", "OCCUPÉ") -> LIBRE | I77: =IF(ISBLANK(Tableau!$M$77), "LIBRE", "OCCUPÉ") -> LIBRE | J77: =IF(ISBLANK(Tableau!$O$77), "LIBRE", "OCCUPÉ") -> LIBRE | K77: =IF(ISBLANK(Tableau!$Q$77), "LIBRE", "OCCUPÉ") -> OCCUPÉ | L77: =IF(ISBLANK(Tableau!$S$77), "LIBRE", "OCCUPÉ") -> LIBRE | M77: =IF(ISBLANK(Tableau!$U$77), "LIBRE", "OCCUPÉ") -> LIBRE | N77: =IF(ISBLANK(Tableau!$W$77), "LIBRE", "OCCUPÉ") -> LIBRE | O77: =IF(ISBLANK(Tableau!$Y$77), "LIBRE", "OCCUPÉ") -> OCCUPÉ | P77: =IF(ISBLANK(Tableau!$AA$77), "LIBRE", "OCCUPÉ") -> LIBRE | Q77: =IF(ISBLANK(Tableau!$AC$77), "LIBRE", "OCCUPÉ") -> LIBRE | R77: =IF(ISBLANK(Tableau!$AE$77), "LIBRE", "OCCUPÉ") -> LIBRE | S77: =IF(ISBLANK(Tableau!$AG$77), "LIBRE", "OCCUPÉ") -> LIBRE | T77: =IF(ISBLANK(Tableau!$AI$77), "LIBRE", "OCCUPÉ") -> LIBRE | U77: =IF(ISBLANK(Tableau!$AK$77), "LIBRE", "OCCUPÉ") -> LIBRE | V77: =IF(ISBLANK(Tableau!$AM$77), "LIBRE", "OCCUPÉ") -> LIBRE | W77: =IF(ISBLANK(Tableau!$AO$77), "LIBRE", "OCCUPÉ") -> LIBRE | X77: =IF(ISBLANK(Tableau!$AQ$77), "LIBRE", "OCCUPÉ") -> LIBRE | Y77: =IF(ISBLANK(Tableau!$AS$77), "LIBRE", "OCCUPÉ") -> OCCUPÉ | Z77: =IF(ISBLANK(Tableau!$AU$77), "LIBRE", "OCCUPÉ") -> LIBRE | AA77: =IF(ISBLANK(Tableau!$AW$77), "LIBRE", "OCCUPÉ") -> LIBRE | AB77: =IF(ISBLANK(Tableau!$AY77), "LIBRE", "OCCUPÉ") -> LIBRE | AC77: Plopsa
A78: =Tableau!A78 -> 312 | B78: =VLOOKUP($A78,LocalisationRemorque,2,0) -> Dinant | C78: =VLOOKUP($A78,LocalisationRemorque,3,0) -> Sorinnes Achêne | D78: =CONCATENATE(VLOOKUP($A78,LocalisationRemorque,6,0)," ► ",VLOOKUP($A78,LocalisationRemorque,5,0)) -> Dinant ► Ciney | E78: =IF(ISBLANK(Tableau!$E$78), "LIBRE", "OCCUPÉ") -> LIBRE | F78: =IF(ISBLANK(Tableau!$G$78), "LIBRE", "OCCUPÉ") -> LIBRE | G78: =IF(ISBLANK(Tableau!$I$78), "LIBRE", "OCCUPÉ") -> LIBRE | H78: =IF(ISBLANK(Tableau!$K$78), "LIBRE", "OCCUPÉ") -> LIBRE | I78: =IF(ISBLANK(Tableau!$M$78), "LIBRE", "OCCUPÉ") -> LIBRE | J78: =IF(ISBLANK(Tableau!$M$78), "LIBRE", "OCCUPÉ") -> LIBRE | K78: =IF(ISBLANK(Tableau!$Q$78), "LIBRE", "OCCUPÉ") -> LIBRE | L78: =IF(ISBLANK(Tableau!$S$78), "LIBRE", "OCCUPÉ") -> LIBRE | M78: =IF(ISBLANK(Tableau!$U$78), "LIBRE", "OCCUPÉ") -> LIBRE | N78: =IF(ISBLANK(Tableau!$W$78), "LIBRE", "OCCUPÉ") -> LIBRE | O78: =IF(ISBLANK(Tableau!$Y$78), "LIBRE", "OCCUPÉ") -> LIBRE | P78: =IF(ISBLANK(Tableau!$AA$78), "LIBRE", "OCCUPÉ") -> LIBRE | Q78: =IF(ISBLANK(Tableau!$AC$78), "LIBRE", "OCCUPÉ") -> LIBRE | R78: =IF(ISBLANK(Tableau!$AE$78), "LIBRE", "OCCUPÉ") -> LIBRE | S78: =IF(ISBLANK(Tableau!$AG$78), "LIBRE", "OCCUPÉ") -> LIBRE | T78: =IF(ISBLANK(Tableau!$AI$78), "LIBRE", "OCCUPÉ") -> LIBRE | U78: =IF(ISBLANK(Tableau!$AK$78), "LIBRE", "OCCUPÉ") -> LIBRE | V78: =IF(ISBLANK(Tableau!$AM$78), "LIBRE", "OCCUPÉ") -> LIBRE | W78: =IF(ISBLANK(Tableau!$AO$78), "LIBRE", "OCCUPÉ") -> LIBRE | X78: =IF(ISBLANK(Tableau!$AQ$78), "LIBRE", "OCCUPÉ") -> LIBRE | Y78: =IF(ISBLANK(Tableau!$AS$78), "LIBRE", "OCCUPÉ") -> LIBRE | Z78: =IF(ISBLANK(Tableau!$AU$78), "LIBRE", "OCCUPÉ") -> LIBRE | AA78: =IF(ISBLANK(Tableau!$AW$78), "LIBRE", "OCCUPÉ") -> LIBRE | AB78: =IF(ISBLANK(Tableau!$AY78), "LIBRE", "OCCUPÉ") -> LIBRE | AC78: Plopsa
A79: =Tableau!A79 -> 313 | B79: =VLOOKUP($A79,LocalisationRemorque,2,0) -> Dinant | C79: =VLOOKUP($A79,LocalisationRemorque,3,0) -> Sorinnes Hopital | D79: =CONCATENATE(VLOOKUP($A79,LocalisationRemorque,6,0)," ► ",VLOOKUP($A79,LocalisationRemorque,5,0)) -> Ciney ► Dinant | E79: =IF(ISBLANK(Tableau!$E$79), "LIBRE", "OCCUPÉ") -> LIBRE | F79: =IF(ISBLANK(Tableau!$G$79), "LIBRE", "OCCUPÉ") -> LIBRE | G79: =IF(ISBLANK(Tableau!$I$79), "LIBRE", "OCCUPÉ") -> LIBRE | H79: =IF(ISBLANK(Tableau!$K$79), "LIBRE", "OCCUPÉ") -> LIBRE | I79: =IF(ISBLANK(Tableau!$M$77), "LIBRE", "OCCUPÉ") -> LIBRE | J79: =IF(ISBLANK(Tableau!$O$79), "LIBRE", "OCCUPÉ") -> LIBRE | K79: =IF(ISBLANK(Tableau!$Q$79), "LIBRE", "OCCUPÉ") -> LIBRE | L79: =IF(ISBLANK(Tableau!$S$79), "LIBRE", "OCCUPÉ") -> LIBRE | M79: =IF(ISBLANK(Tableau!$U$79), "LIBRE", "OCCUPÉ") -> LIBRE | N79: =IF(ISBLANK(Tableau!$W$79), "LIBRE", "OCCUPÉ") -> LIBRE | O79: =IF(ISBLANK(Tableau!$Y$79), "LIBRE", "OCCUPÉ") -> LIBRE | P79: =IF(ISBLANK(Tableau!$AA$79), "LIBRE", "OCCUPÉ") -> LIBRE | Q79: =IF(ISBLANK(Tableau!$AC$79), "LIBRE", "OCCUPÉ") -> LIBRE | R79: =IF(ISBLANK(Tableau!$AE$79), "LIBRE", "OCCUPÉ") -> LIBRE | S79: =IF(ISBLANK(Tableau!$AG$79), "LIBRE", "OCCUPÉ") -> LIBRE | T79: =IF(ISBLANK(Tableau!$AI$79), "LIBRE", "OCCUPÉ") -> LIBRE | U79: =IF(ISBLANK(Tableau!$AK$79), "LIBRE", "OCCUPÉ") -> LIBRE | V79: =IF(ISBLANK(Tableau!$AM$79), "LIBRE", "OCCUPÉ") -> LIBRE | W79: =IF(ISBLANK(Tableau!$AO$79), "LIBRE", "OCCUPÉ") -> LIBRE | X79: =IF(ISBLANK(Tableau!$AQ$79), "LIBRE", "OCCUPÉ") -> LIBRE | Y79: =IF(ISBLANK(Tableau!$AS$79), "LIBRE", "OCCUPÉ") -> LIBRE | Z79: =IF(ISBLANK(Tableau!$AU$79), "LIBRE", "OCCUPÉ") -> LIBRE | AA79: =IF(ISBLANK(Tableau!$AW$79), "LIBRE", "OCCUPÉ") -> LIBRE | AB79: =IF(ISBLANK(Tableau!$AY79), "LIBRE", "OCCUPÉ") -> LIBRE | AC79: Plopsa
A80: =Tableau!A80 -> 314 | B80: =VLOOKUP($A80,LocalisationRemorque,2,0) -> Dinant | C80: =VLOOKUP($A80,LocalisationRemorque,3,0) -> Sorinnes Hopital 2 | D80: =CONCATENATE(VLOOKUP($A80,LocalisationRemorque,6,0)," ► ",VLOOKUP($A80,LocalisationRemorque,5,0)) -> Ciney ► Dinant | E80: =IF(ISBLANK(Tableau!$E$80), "LIBRE", "OCCUPÉ") -> LIBRE | F80: =IF(ISBLANK(Tableau!$G$80), "LIBRE", "OCCUPÉ") -> LIBRE | G80: =IF(ISBLANK(Tableau!$I$80), "LIBRE", "OCCUPÉ") -> LIBRE | H80: =IF(ISBLANK(Tableau!$K$80), "LIBRE", "OCCUPÉ") -> LIBRE | I80: =IF(ISBLANK(Tableau!$M$80), "LIBRE", "OCCUPÉ") -> LIBRE | J80: =IF(ISBLANK(Tableau!$O$80), "LIBRE", "OCCUPÉ") -> LIBRE | K80: =IF(ISBLANK(Tableau!$Q$80), "LIBRE", "OCCUPÉ") -> LIBRE | L80: =IF(ISBLANK(Tableau!$S$80), "LIBRE", "OCCUPÉ") -> LIBRE | M80: =IF(ISBLANK(Tableau!$U$80), "LIBRE", "OCCUPÉ") -> LIBRE | N80: =IF(ISBLANK(Tableau!$W$80), "LIBRE", "OCCUPÉ") -> LIBRE | O80: =IF(ISBLANK(Tableau!$Y$80), "LIBRE", "OCCUPÉ") -> LIBRE | P80: =IF(ISBLANK(Tableau!$AA$80), "LIBRE", "OCCUPÉ") -> LIBRE | Q80: =IF(ISBLANK(Tableau!$AC$80), "LIBRE", "OCCUPÉ") -> LIBRE | R80: =IF(ISBLANK(Tableau!$AE$80), "LIBRE", "OCCUPÉ") -> LIBRE | S80: =IF(ISBLANK(Tableau!$AG$80), "LIBRE", "OCCUPÉ") -> LIBRE | T80: =IF(ISBLANK(Tableau!$AI$80), "LIBRE", "OCCUPÉ") -> LIBRE | U80: =IF(ISBLANK(Tableau!$AK$80), "LIBRE", "OCCUPÉ") -> LIBRE | V80: =IF(ISBLANK(Tableau!$AM$80), "LIBRE", "OCCUPÉ") -> LIBRE | W80: =IF(ISBLANK(Tableau!$AO$80), "LIBRE", "OCCUPÉ") -> LIBRE | X80: =IF(ISBLANK(Tableau!$AQ$80), "LIBRE", "OCCUPÉ") -> LIBRE | Y80: =IF(ISBLANK(Tableau!$AS$80), "LIBRE", "OCCUPÉ") -> LIBRE | Z80: =IF(ISBLANK(Tableau!$AU$80), "LIBRE", "OCCUPÉ") -> LIBRE | AA80: =IF(ISBLANK(Tableau!$AW$80), "LIBRE", "OCCUPÉ") -> LIBRE | AB80: =IF(ISBLANK(Tableau!$AY80), "LIBRE", "OCCUPÉ") -> LIBRE | AC80: Plopsa
A81: =Tableau!A81 -> 315 | B81: =VLOOKUP($A81,LocalisationRemorque,2,0) -> Dinant | C81: =VLOOKUP($A81,LocalisationRemorque,3,0) -> Anhée | D81: =CONCATENATE(VLOOKUP($A81,LocalisationRemorque,6,0)," ► ",VLOOKUP($A81,LocalisationRemorque,5,0)) -> Namur ► Dinant | E81: =IF(ISBLANK(Tableau!$E$81), "LIBRE", "OCCUPÉ") -> LIBRE | F81: =IF(ISBLANK(Tableau!$G$81), "LIBRE", "OCCUPÉ") -> LIBRE | G81: =IF(ISBLANK(Tableau!$I$81), "LIBRE", "OCCUPÉ") -> LIBRE | H81: =IF(ISBLANK(Tableau!$K$81), "LIBRE", "OCCUPÉ") -> LIBRE | I81: =IF(ISBLANK(Tableau!$M$81), "LIBRE", "OCCUPÉ") -> LIBRE | J81: =IF(ISBLANK(Tableau!$O$81), "LIBRE", "OCCUPÉ") -> LIBRE | K81: =IF(ISBLANK(Tableau!$Q$81), "LIBRE", "OCCUPÉ") -> LIBRE | L81: =IF(ISBLANK(Tableau!$S$81), "LIBRE", "OCCUPÉ") -> LIBRE | M81: =IF(ISBLANK(Tableau!$U$105), "LIBRE", "OCCUPÉ") -> OCCUPÉ | N81: =IF(ISBLANK(Tableau!$W$81), "LIBRE", "OCCUPÉ") -> LIBRE | O81: =IF(ISBLANK(Tableau!$Y$81), "LIBRE", "OCCUPÉ") -> LIBRE | P81: =IF(ISBLANK(Tableau!$AA$81), "LIBRE", "OCCUPÉ") -> LIBRE | Q81: =IF(ISBLANK(Tableau!$AC$81), "LIBRE", "OCCUPÉ") -> LIBRE | R81: =IF(ISBLANK(Tableau!$AE$81), "LIBRE", "OCCUPÉ") -> LIBRE | S81: =IF(ISBLANK(Tableau!$AG$81), "LIBRE", "OCCUPÉ") -> LIBRE | T81: =IF(ISBLANK(Tableau!$AI$81), "LIBRE", "OCCUPÉ") -> LIBRE | U81: =IF(ISBLANK(Tableau!$AK$81), "LIBRE", "OCCUPÉ") -> LIBRE | V81: =IF(ISBLANK(Tableau!$AM$81), "LIBRE", "OCCUPÉ") -> LIBRE | W81: =IF(ISBLANK(Tableau!$AO$81), "LIBRE", "OCCUPÉ") -> LIBRE | X81: =IF(ISBLANK(Tableau!$AQ$81), "LIBRE", "OCCUPÉ") -> LIBRE | Y81: =IF(ISBLANK(Tableau!$AS$81), "LIBRE", "OCCUPÉ") -> LIBRE | Z81: =IF(ISBLANK(Tableau!$AU$81), "LIBRE", "OCCUPÉ") -> LIBRE | AA81: =IF(ISBLANK(Tableau!$AW$81), "LIBRE", "OCCUPÉ") -> LIBRE | AB81: =IF(ISBLANK(Tableau!$AY81), "LIBRE", "OCCUPÉ") -> LIBRE | AC81: Plopsa
A82: =Tableau!A82 -> 316 | B82: =VLOOKUP($A82,LocalisationRemorque,2,0) -> Dinant | C82: =VLOOKUP($A82,LocalisationRemorque,3,0) -> Falmignoul | D82: =CONCATENATE(VLOOKUP($A82,LocalisationRemorque,6,0)," ► ",VLOOKUP($A82,LocalisationRemorque,5,0)) -> Dinant ► Beauraing | E82: =IF(ISBLANK(Tableau!$E$82), "LIBRE", "OCCUPÉ") -> LIBRE | F82: =IF(ISBLANK(Tableau!$G$82), "LIBRE", "OCCUPÉ") -> LIBRE | G82: =IF(ISBLANK(Tableau!$I$82), "LIBRE", "OCCUPÉ") -> LIBRE | H82: =IF(ISBLANK(Tableau!$K$82), "LIBRE", "OCCUPÉ") -> LIBRE | I82: =IF(ISBLANK(Tableau!$M$82), "LIBRE", "OCCUPÉ") -> LIBRE | J82: =IF(ISBLANK(Tableau!$O$82), "LIBRE", "OCCUPÉ") -> LIBRE | K82: =IF(ISBLANK(Tableau!$Q$82), "LIBRE", "OCCUPÉ") -> LIBRE | L82: =IF(ISBLANK(Tableau!$S$82), "LIBRE", "OCCUPÉ") -> LIBRE | M82: =IF(ISBLANK(Tableau!$U$82), "LIBRE", "OCCUPÉ") -> LIBRE | N82: =IF(ISBLANK(Tableau!$W$82), "LIBRE", "OCCUPÉ") -> LIBRE | O82: =IF(ISBLANK(Tableau!$Y$82), "LIBRE", "OCCUPÉ") -> LIBRE | P82: =IF(ISBLANK(Tableau!$AA$82), "LIBRE", "OCCUPÉ") -> LIBRE | Q82: =IF(ISBLANK(Tableau!$AC$82), "LIBRE", "OCCUPÉ") -> LIBRE | R82: =IF(ISBLANK(Tableau!$AE$82), "LIBRE", "OCCUPÉ") -> LIBRE | S82: =IF(ISBLANK(Tableau!$AG$82), "LIBRE", "OCCUPÉ") -> LIBRE | T82: =IF(ISBLANK(Tableau!$AI$82), "LIBRE", "OCCUPÉ") -> LIBRE | U82: =IF(ISBLANK(Tableau!$AK$82), "LIBRE", "OCCUPÉ") -> LIBRE | V82: =IF(ISBLANK(Tableau!$AM$82), "LIBRE", "OCCUPÉ") -> LIBRE | W82: =IF(ISBLANK(Tableau!$AO$82), "LIBRE", "OCCUPÉ") -> LIBRE | X82: =IF(ISBLANK(Tableau!$AQ$82), "LIBRE", "OCCUPÉ") -> LIBRE | Y82: =IF(ISBLANK(Tableau!$AS$82), "LIBRE", "OCCUPÉ") -> LIBRE | Z82: =IF(ISBLANK(Tableau!$AU$82), "LIBRE", "OCCUPÉ") -> LIBRE | AA82: =IF(ISBLANK(Tableau!$AW$82), "LIBRE", "OCCUPÉ") -> LIBRE | AB82: =IF(ISBLANK(Tableau!$AY82), "LIBRE", "OCCUPÉ") -> LIBRE | AC82: Plopsa
A83: =Tableau!A83 -> 317 | B83: =VLOOKUP($A83,LocalisationRemorque,2,0) -> Dinant | C83: =VLOOKUP($A83,LocalisationRemorque,3,0) -> Anthée | D83: =CONCATENATE(VLOOKUP($A83,LocalisationRemorque,6,0)," ► ",VLOOKUP($A83,LocalisationRemorque,5,0)) -> Dinant ► Philippeville | E83: =IF(ISBLANK(Tableau!$E$83), "LIBRE", "OCCUPÉ") -> LIBRE | F83: =IF(ISBLANK(Tableau!$G$83), "LIBRE", "OCCUPÉ") -> LIBRE | G83: =IF(ISBLANK(Tableau!$I$83), "LIBRE", "OCCUPÉ") -> LIBRE | H83: =IF(ISBLANK(Tableau!$K$83), "LIBRE", "OCCUPÉ") -> LIBRE | I83: =IF(ISBLANK(Tableau!$M$83), "LIBRE", "OCCUPÉ") -> LIBRE | J83: =IF(ISBLANK(Tableau!$O$83), "LIBRE", "OCCUPÉ") -> LIBRE | K83: =IF(ISBLANK(Tableau!$Q$83), "LIBRE", "OCCUPÉ") -> LIBRE | L83: =IF(ISBLANK(Tableau!$S$83), "LIBRE", "OCCUPÉ") -> LIBRE | M83: =IF(ISBLANK(Tableau!$U$83), "LIBRE", "OCCUPÉ") -> LIBRE | N83: =IF(ISBLANK(Tableau!$W$83), "LIBRE", "OCCUPÉ") -> LIBRE | O83: =IF(ISBLANK(Tableau!$Y$83), "LIBRE", "OCCUPÉ") -> LIBRE | P83: =IF(ISBLANK(Tableau!$AA$83), "LIBRE", "OCCUPÉ") -> LIBRE | Q83: =IF(ISBLANK(Tableau!$AC$83), "LIBRE", "OCCUPÉ") -> LIBRE | R83: =IF(ISBLANK(Tableau!$AE$83), "LIBRE", "OCCUPÉ") -> LIBRE | S83: =IF(ISBLANK(Tableau!$AG$83), "LIBRE", "OCCUPÉ") -> LIBRE | T83: =IF(ISBLANK(Tableau!$AI$83), "LIBRE", "OCCUPÉ") -> LIBRE | U83: =IF(ISBLANK(Tableau!$AK$83), "LIBRE", "OCCUPÉ") -> LIBRE | V83: =IF(ISBLANK(Tableau!$AM$83), "LIBRE", "OCCUPÉ") -> LIBRE | W83: =IF(ISBLANK(Tableau!$AO$83), "LIBRE", "OCCUPÉ") -> LIBRE | X83: =IF(ISBLANK(Tableau!$AQ$83), "LIBRE", "OCCUPÉ") -> LIBRE | Y83: =IF(ISBLANK(Tableau!$AS$83), "LIBRE", "OCCUPÉ") -> LIBRE | Z83: =IF(ISBLANK(Tableau!$AU$83), "LIBRE", "OCCUPÉ") -> LIBRE | AA83: =IF(ISBLANK(Tableau!$AW$83), "LIBRE", "OCCUPÉ") -> LIBRE | AB83: =IF(ISBLANK(Tableau!$AY83), "LIBRE", "OCCUPÉ") -> LIBRE | AC83: Plopsa
A84: =Tableau!A84 -> 318 | B84: =VLOOKUP($A84,LocalisationRemorque,2,0) -> Eghezée | C84: =VLOOKUP($A84,LocalisationRemorque,3,0) -> Eghezée | D84: =CONCATENATE(VLOOKUP($A84,LocalisationRemorque,6,0)," ► ",VLOOKUP($A84,LocalisationRemorque,5,0)) -> Éghezée ► Andenne | E84: =IF(ISBLANK(Tableau!$E$84), "LIBRE", "OCCUPÉ") -> LIBRE | F84: =IF(ISBLANK(Tableau!$G$84), "LIBRE", "OCCUPÉ") -> LIBRE | G84: =IF(ISBLANK(Tableau!$I$84), "LIBRE", "OCCUPÉ") -> LIBRE | H84: =IF(ISBLANK(Tableau!$K$84), "LIBRE", "OCCUPÉ") -> LIBRE | I84: =IF(ISBLANK(Tableau!$M$84), "LIBRE", "OCCUPÉ") -> LIBRE | J84: =IF(ISBLANK(Tableau!$O$84), "LIBRE", "OCCUPÉ") -> LIBRE | K84: =IF(ISBLANK(Tableau!$Q$84), "LIBRE", "OCCUPÉ") -> LIBRE | L84: =IF(ISBLANK(Tableau!$S$84), "LIBRE", "OCCUPÉ") -> LIBRE | M84: =IF(ISBLANK(Tableau!$U$84), "LIBRE", "OCCUPÉ") -> LIBRE | N84: =IF(ISBLANK(Tableau!$W$84), "LIBRE", "OCCUPÉ") -> LIBRE | O84: =IF(ISBLANK(Tableau!$Y$84), "LIBRE", "OCCUPÉ") -> LIBRE | P84: =IF(ISBLANK(Tableau!$AA$84), "LIBRE", "OCCUPÉ") -> LIBRE | Q84: =IF(ISBLANK(Tableau!$AC$84), "LIBRE", "OCCUPÉ") -> LIBRE | R84: =IF(ISBLANK(Tableau!$AE$84), "LIBRE", "OCCUPÉ") -> LIBRE | S84: =IF(ISBLANK(Tableau!$AG$84), "LIBRE", "OCCUPÉ") -> LIBRE | T84: =IF(ISBLANK(Tableau!$AI$84), "LIBRE", "OCCUPÉ") -> LIBRE | U84: =IF(ISBLANK(Tableau!$AK$84), "LIBRE", "OCCUPÉ") -> LIBRE | V84: =IF(ISBLANK(Tableau!$AM$84), "LIBRE", "OCCUPÉ") -> LIBRE | W84: =IF(ISBLANK(Tableau!$AO$84), "LIBRE", "OCCUPÉ") -> LIBRE | X84: =IF(ISBLANK(Tableau!$AQ$84), "LIBRE", "OCCUPÉ") -> LIBRE | Y84: =IF(ISBLANK(Tableau!$AS$84), "LIBRE", "OCCUPÉ") -> LIBRE | Z84: =IF(ISBLANK(Tableau!$AU$84), "LIBRE", "OCCUPÉ") -> LIBRE | AA84: =IF(ISBLANK(Tableau!$AW$84), "LIBRE", "OCCUPÉ") -> LIBRE | AB84: =IF(ISBLANK(Tableau!$AY84), "LIBRE", "OCCUPÉ") -> LIBRE
A85: =Tableau!A85 -> 320 | B85: =VLOOKUP($A85,LocalisationRemorque,2,0) -> Eghezée | C85: =VLOOKUP($A85,LocalisationRemorque,3,0) -> Eghezée | D85: =CONCATENATE(VLOOKUP($A85,LocalisationRemorque,6,0)," ► ",VLOOKUP($A85,LocalisationRemorque,5,0)) -> Namur ► Eghezee | E85: =IF(ISBLANK(Tableau!$E$85), "LIBRE", "OCCUPÉ") -> LIBRE | F85: =IF(ISBLANK(Tableau!$G$85), "LIBRE", "OCCUPÉ") -> LIBRE | G85: =IF(ISBLANK(Tableau!$I$85), "LIBRE", "OCCUPÉ") -> LIBRE | H85: =IF(ISBLANK(Tableau!$K$85), "LIBRE", "OCCUPÉ") -> LIBRE | I85: =IF(ISBLANK(Tableau!$M$85), "LIBRE", "OCCUPÉ") -> LIBRE | J85: =IF(ISBLANK(Tableau!$O$85), "LIBRE", "OCCUPÉ") -> LIBRE | K85: =IF(ISBLANK(Tableau!$Q$85), "LIBRE", "OCCUPÉ") -> LIBRE | L85: =IF(ISBLANK(Tableau!$S$85), "LIBRE", "OCCUPÉ") -> LIBRE | M85: =IF(ISBLANK(Tableau!$U$85), "LIBRE", "OCCUPÉ") -> LIBRE | N85: =IF(ISBLANK(Tableau!$W$85), "LIBRE", "OCCUPÉ") -> LIBRE | O85: =IF(ISBLANK(Tableau!$Y$85), "LIBRE", "OCCUPÉ") -> LIBRE | P85: =IF(ISBLANK(Tableau!$AA$85), "LIBRE", "OCCUPÉ") -> LIBRE | Q85: =IF(ISBLANK(Tableau!$AC$85), "LIBRE", "OCCUPÉ") -> LIBRE | R85: =IF(ISBLANK(Tableau!$AE$85), "LIBRE", "OCCUPÉ") -> LIBRE | S85: =IF(ISBLANK(Tableau!$AG$85), "LIBRE", "OCCUPÉ") -> LIBRE | T85: =IF(ISBLANK(Tableau!$AI$85), "LIBRE", "OCCUPÉ") -> LIBRE | U85: =IF(ISBLANK(Tableau!$AK$85), "LIBRE", "OCCUPÉ") -> LIBRE | V85: =IF(ISBLANK(Tableau!$AM$85), "LIBRE", "OCCUPÉ") -> LIBRE | W85: =IF(ISBLANK(Tableau!$AO$85), "LIBRE", "OCCUPÉ") -> LIBRE | X85: =IF(ISBLANK(Tableau!$AQ$85), "LIBRE", "OCCUPÉ") -> LIBRE | Y85: =IF(ISBLANK(Tableau!$AS$85), "LIBRE", "OCCUPÉ") -> LIBRE | Z85: =IF(ISBLANK(Tableau!$AU$85), "LIBRE", "OCCUPÉ") -> LIBRE | AA85: =IF(ISBLANK(Tableau!$AW$85), "LIBRE", "OCCUPÉ") -> LIBRE | AB85: =IF(ISBLANK(Tableau!$AY85), "LIBRE", "OCCUPÉ") -> LIBRE
A86: =Tableau!A86 -> 321 | B86: =VLOOKUP($A86,LocalisationRemorque,2,0) -> Eghezée | C86: =VLOOKUP($A86,LocalisationRemorque,3,0) -> Longchamps N912 | D86: =CONCATENATE(VLOOKUP($A86,LocalisationRemorque,6,0)," ► ",VLOOKUP($A86,LocalisationRemorque,5,0)) -> Éghezée ► E411 | E86: =IF(ISBLANK(Tableau!$E$86), "LIBRE", "OCCUPÉ") -> LIBRE | F86: =IF(ISBLANK(Tableau!$G$86), "LIBRE", "OCCUPÉ") -> LIBRE | G86: =IF(ISBLANK(Tableau!$I$86), "LIBRE", "OCCUPÉ") -> LIBRE | H86: =IF(ISBLANK(Tableau!$K$86), "LIBRE", "OCCUPÉ") -> LIBRE | I86: =IF(ISBLANK(Tableau!$M$86), "LIBRE", "OCCUPÉ") -> LIBRE | J86: =IF(ISBLANK(Tableau!$O$86), "LIBRE", "OCCUPÉ") -> LIBRE | K86: =IF(ISBLANK(Tableau!$Q$86), "LIBRE", "OCCUPÉ") -> LIBRE | L86: =IF(ISBLANK(Tableau!$S$86), "LIBRE", "OCCUPÉ") -> LIBRE | M86: =IF(ISBLANK(Tableau!$U$86), "LIBRE", "OCCUPÉ") -> LIBRE | N86: =IF(ISBLANK(Tableau!$W$86), "LIBRE", "OCCUPÉ") -> LIBRE | O86: =IF(ISBLANK(Tableau!$Y$86), "LIBRE", "OCCUPÉ") -> LIBRE | P86: =IF(ISBLANK(Tableau!$AA$86), "LIBRE", "OCCUPÉ") -> LIBRE | Q86: =IF(ISBLANK(Tableau!$AC$86), "LIBRE", "OCCUPÉ") -> LIBRE | R86: =IF(ISBLANK(Tableau!$AE$86), "LIBRE", "OCCUPÉ") -> LIBRE | S86: =IF(ISBLANK(Tableau!$AG$86), "LIBRE", "OCCUPÉ") -> LIBRE | T86: =IF(ISBLANK(Tableau!$AI$86), "LIBRE", "OCCUPÉ") -> LIBRE | U86: =IF(ISBLANK(Tableau!$AK$86), "LIBRE", "OCCUPÉ") -> LIBRE | V86: =IF(ISBLANK(Tableau!$AM$86), "LIBRE", "OCCUPÉ") -> LIBRE | W86: =IF(ISBLANK(Tableau!$AO$86), "LIBRE", "OCCUPÉ") -> LIBRE | X86: =IF(ISBLANK(Tableau!$AQ$86), "LIBRE", "OCCUPÉ") -> LIBRE | Y86: =IF(ISBLANK(Tableau!$AS$86), "LIBRE", "OCCUPÉ") -> LIBRE | Z86: =IF(ISBLANK(Tableau!$AU$86), "LIBRE", "OCCUPÉ") -> LIBRE | AA86: =IF(ISBLANK(Tableau!$AW$86), "LIBRE", "OCCUPÉ") -> LIBRE | AB86: =IF(ISBLANK(Tableau!$AY86), "LIBRE", "OCCUPÉ") -> LIBRE
A87: =Tableau!A87 | B87: =VLOOKUP($A87,LocalisationRemorque,2,0) -> Remorque non listée | C87: =VLOOKUP($A87,LocalisationRemorque,3,0) | D87: =CONCATENATE(VLOOKUP($A87,LocalisationRemorque,6,0)," ► ",VLOOKUP($A87,LocalisationRemorque,5,0)) -> ► | E87: =IF(ISBLANK(Tableau!$E$87), "LIBRE", "OCCUPÉ") -> LIBRE | F87: =IF(ISBLANK(Tableau!$G$87), "LIBRE", "OCCUPÉ") -> LIBRE | G87: =IF(ISBLANK(Tableau!$I$87), "LIBRE", "OCCUPÉ") -> LIBRE | H87: =IF(ISBLANK(Tableau!$K$87), "LIBRE", "OCCUPÉ") -> LIBRE | I87: =IF(ISBLANK(Tableau!$M$87), "LIBRE", "OCCUPÉ") -> LIBRE | J87: =IF(ISBLANK(Tableau!$O$87), "LIBRE", "OCCUPÉ") -> LIBRE | K87: =IF(ISBLANK(Tableau!$Q$87), "LIBRE", "OCCUPÉ") -> LIBRE | L87: =IF(ISBLANK(Tableau!$S$87), "LIBRE", "OCCUPÉ") -> LIBRE | M87: =IF(ISBLANK(Tableau!$U$87), "LIBRE", "OCCUPÉ") -> LIBRE | N87: =IF(ISBLANK(Tableau!$W$87), "LIBRE", "OCCUPÉ") -> LIBRE | O87: =IF(ISBLANK(Tableau!$Y$87), "LIBRE", "OCCUPÉ") -> LIBRE | P87: =IF(ISBLANK(Tableau!$AA$87), "LIBRE", "OCCUPÉ") -> LIBRE | Q87: =IF(ISBLANK(Tableau!$AC$87), "LIBRE", "OCCUPÉ") -> LIBRE | R87: =IF(ISBLANK(Tableau!$AE$87), "LIBRE", "OCCUPÉ") -> LIBRE | S87: =IF(ISBLANK(Tableau!$AG$87), "LIBRE", "OCCUPÉ") -> LIBRE | T87: =IF(ISBLANK(Tableau!$AI$87), "LIBRE", "OCCUPÉ") -> LIBRE | U87: =IF(ISBLANK(Tableau!$AK$87), "LIBRE", "OCCUPÉ") -> LIBRE | V87: =IF(ISBLANK(Tableau!$AM$87), "LIBRE", "OCCUPÉ") -> LIBRE | W87: =IF(ISBLANK(Tableau!$AO$87), "LIBRE", "OCCUPÉ") -> LIBRE | X87: =IF(ISBLANK(Tableau!$AQ$87), "LIBRE", "OCCUPÉ") -> LIBRE | Y87: =IF(ISBLANK(Tableau!$AS$87), "LIBRE", "OCCUPÉ") -> LIBRE | Z87: =IF(ISBLANK(Tableau!$AU$87), "LIBRE", "OCCUPÉ") -> LIBRE | AA87: =IF(ISBLANK(Tableau!$AW$87), "LIBRE", "OCCUPÉ") -> LIBRE | AB87: =IF(ISBLANK(Tableau!$AY87), "LIBRE", "OCCUPÉ") -> LIBRE
A88: =Tableau!A88 -> 323 | B88: =VLOOKUP($A88,LocalisationRemorque,2,0) -> Gembloux | C88: =VLOOKUP($A88,LocalisationRemorque,3,0) -> Sauvenière 2 | D88: =CONCATENATE(VLOOKUP($A88,LocalisationRemorque,6,0)," ► ",VLOOKUP($A88,LocalisationRemorque,5,0)) -> E411 ► Gembloux | E88: =IF(ISBLANK(Tableau!$E$88), "LIBRE", "OCCUPÉ") -> LIBRE | F88: =IF(ISBLANK(Tableau!$G$88), "LIBRE", "OCCUPÉ") -> LIBRE | G88: =IF(ISBLANK(Tableau!$I$88), "LIBRE", "OCCUPÉ") -> LIBRE | H88: =IF(ISBLANK(Tableau!$K$88), "LIBRE", "OCCUPÉ") -> LIBRE | I88: =IF(ISBLANK(Tableau!$M$88), "LIBRE", "OCCUPÉ") -> LIBRE | J88: =IF(ISBLANK(Tableau!$O$88), "LIBRE", "OCCUPÉ") -> LIBRE | K88: =IF(ISBLANK(Tableau!$Q$88), "LIBRE", "OCCUPÉ") -> LIBRE | L88: =IF(ISBLANK(Tableau!$S$88), "LIBRE", "OCCUPÉ") -> LIBRE | M88: =IF(ISBLANK(Tableau!$U$88), "LIBRE", "OCCUPÉ") -> LIBRE | N88: =IF(ISBLANK(Tableau!$W$88), "LIBRE", "OCCUPÉ") -> LIBRE | O88: =IF(ISBLANK(Tableau!$Y$88), "LIBRE", "OCCUPÉ") -> LIBRE | P88: =IF(ISBLANK(Tableau!$AA$88), "LIBRE", "OCCUPÉ") -> LIBRE | Q88: =IF(ISBLANK(Tableau!$AC$88), "LIBRE", "OCCUPÉ") -> LIBRE | R88: =IF(ISBLANK(Tableau!$AE$88), "LIBRE", "OCCUPÉ") -> LIBRE | S88: =IF(ISBLANK(Tableau!$AG$88), "LIBRE", "OCCUPÉ") -> LIBRE | T88: =IF(ISBLANK(Tableau!$AI$88), "LIBRE", "OCCUPÉ") -> LIBRE | U88: =IF(ISBLANK(Tableau!$AK$88), "LIBRE", "OCCUPÉ") -> LIBRE | V88: =IF(ISBLANK(Tableau!$AM$88), "LIBRE", "OCCUPÉ") -> LIBRE | W88: =IF(ISBLANK(Tableau!$AO$88), "LIBRE", "OCCUPÉ") -> LIBRE | X88: =IF(ISBLANK(Tableau!$AQ$88), "LIBRE", "OCCUPÉ") -> LIBRE | Y88: =IF(ISBLANK(Tableau!$AS$88), "LIBRE", "OCCUPÉ") -> LIBRE | Z88: =IF(ISBLANK(Tableau!$AU$88), "LIBRE", "OCCUPÉ") -> LIBRE | AA88: =IF(ISBLANK(Tableau!$AW$88), "LIBRE", "OCCUPÉ") -> LIBRE | AB88: =IF(ISBLANK(Tableau!$AY88), "LIBRE", "OCCUPÉ") -> LIBRE | AC88: Plopsa
A89: =Tableau!A89 -> 324 | B89: =VLOOKUP($A89,LocalisationRemorque,2,0) -> Gembloux | C89: =VLOOKUP($A89,LocalisationRemorque,3,0) -> Meux | D89: =CONCATENATE(VLOOKUP($A89,LocalisationRemorque,6,0)," ► ",VLOOKUP($A89,LocalisationRemorque,5,0)) -> Gembloux ► E411 | E89: =IF(ISBLANK(Tableau!$E$89), "LIBRE", "OCCUPÉ") -> LIBRE | F89: =IF(ISBLANK(Tableau!$G$89), "LIBRE", "OCCUPÉ") -> LIBRE | G89: =IF(ISBLANK(Tableau!$I$89), "LIBRE", "OCCUPÉ") -> LIBRE | H89: =IF(ISBLANK(Tableau!$K$89), "LIBRE", "OCCUPÉ") -> LIBRE | I89: =IF(ISBLANK(Tableau!$M$89), "LIBRE", "OCCUPÉ") -> LIBRE | J89: =IF(ISBLANK(Tableau!$O$89), "LIBRE", "OCCUPÉ") -> LIBRE | K89: =IF(ISBLANK(Tableau!$Q$89), "LIBRE", "OCCUPÉ") -> LIBRE | L89: =IF(ISBLANK(Tableau!$S$89), "LIBRE", "OCCUPÉ") -> LIBRE | M89: =IF(ISBLANK(Tableau!$U$89), "LIBRE", "OCCUPÉ") -> LIBRE | N89: =IF(ISBLANK(Tableau!$W$89), "LIBRE", "OCCUPÉ") -> LIBRE | O89: =IF(ISBLANK(Tableau!$Y$89), "LIBRE", "OCCUPÉ") -> LIBRE | P89: =IF(ISBLANK(Tableau!$AA$89), "LIBRE", "OCCUPÉ") -> LIBRE | Q89: =IF(ISBLANK(Tableau!$AC$89), "LIBRE", "OCCUPÉ") -> LIBRE | R89: =IF(ISBLANK(Tableau!$AE$89), "LIBRE", "OCCUPÉ") -> LIBRE | S89: =IF(ISBLANK(Tableau!$AG$89), "LIBRE", "OCCUPÉ") -> LIBRE | T89: =IF(ISBLANK(Tableau!$AI$89), "LIBRE", "OCCUPÉ") -> LIBRE | U89: =IF(ISBLANK(Tableau!$AK$89), "LIBRE", "OCCUPÉ") -> LIBRE | V89: =IF(ISBLANK(Tableau!$AM$89), "LIBRE", "OCCUPÉ") -> LIBRE | W89: =IF(ISBLANK(Tableau!$AO$89), "LIBRE", "OCCUPÉ") -> LIBRE | X89: =IF(ISBLANK(Tableau!$AQ$89), "LIBRE", "OCCUPÉ") -> LIBRE | Y89: =IF(ISBLANK(Tableau!$AS$89), "LIBRE", "OCCUPÉ") -> LIBRE | Z89: =IF(ISBLANK(Tableau!$AU$89), "LIBRE", "OCCUPÉ") -> LIBRE | AA89: =IF(ISBLANK(Tableau!$AW$89), "LIBRE", "OCCUPÉ") -> LIBRE | AB89: =IF(ISBLANK(Tableau!$AY89), "LIBRE", "OCCUPÉ") -> LIBRE | AC89: Plopsa
A90: =Tableau!A90 -> 325 | B90: =VLOOKUP($A90,LocalisationRemorque,2,0) -> Gembloux | C90: =VLOOKUP($A90,LocalisationRemorque,3,0) -> Corroy-le-Château | D90: =CONCATENATE(VLOOKUP($A90,LocalisationRemorque,6,0)," ► ",VLOOKUP($A90,LocalisationRemorque,5,0)) -> Charleroi ► Gembloux | E90: =IF(ISBLANK(Tableau!$E$90), "LIBRE", "OCCUPÉ") -> OCCUPÉ | F90: =IF(ISBLANK(Tableau!$G$90), "LIBRE", "OCCUPÉ") -> OCCUPÉ | G90: =IF(ISBLANK(Tableau!$I$90), "LIBRE", "OCCUPÉ") -> LIBRE | H90: =IF(ISBLANK(Tableau!$K$90), "LIBRE", "OCCUPÉ") -> LIBRE | I90: =IF(ISBLANK(Tableau!$M$90), "LIBRE", "OCCUPÉ") -> LIBRE | J90: =IF(ISBLANK(Tableau!$O$90), "LIBRE", "OCCUPÉ") -> LIBRE | K90: =IF(ISBLANK(Tableau!$Q$90), "LIBRE", "OCCUPÉ") -> LIBRE | L90: =IF(ISBLANK(Tableau!$S$90), "LIBRE", "OCCUPÉ") -> LIBRE | M90: =IF(ISBLANK(Tableau!$U$90), "LIBRE", "OCCUPÉ") -> LIBRE | N90: =IF(ISBLANK(Tableau!$W$90), "LIBRE", "OCCUPÉ") -> OCCUPÉ | O90: =IF(ISBLANK(Tableau!$Y$90), "LIBRE", "OCCUPÉ") -> LIBRE | P90: =IF(ISBLANK(Tableau!$AA$90), "LIBRE", "OCCUPÉ") -> LIBRE | Q90: =IF(ISBLANK(Tableau!$AC$90), "LIBRE", "OCCUPÉ") -> LIBRE | R90: =IF(ISBLANK(Tableau!$AE$90), "LIBRE", "OCCUPÉ") -> OCCUPÉ | S90: =IF(ISBLANK(Tableau!$AG$90), "LIBRE", "OCCUPÉ") -> LIBRE | T90: =IF(ISBLANK(Tableau!$AI$90), "LIBRE", "OCCUPÉ") -> LIBRE | U90: =IF(ISBLANK(Tableau!$AK$90), "LIBRE", "OCCUPÉ") -> LIBRE | V90: =IF(ISBLANK(Tableau!$AM$90), "LIBRE", "OCCUPÉ") -> OCCUPÉ | W90: =IF(ISBLANK(Tableau!$AO$90), "LIBRE", "OCCUPÉ") -> LIBRE | X90: =IF(ISBLANK(Tableau!$AQ$90), "LIBRE", "OCCUPÉ") -> OCCUPÉ | Y90: =IF(ISBLANK(Tableau!$AS$90), "LIBRE", "OCCUPÉ") -> LIBRE | Z90: =IF(ISBLANK(Tableau!$AU$90), "LIBRE", "OCCUPÉ") -> LIBRE | AA90: =IF(ISBLANK(Tableau!$AW$90), "LIBRE", "OCCUPÉ") -> LIBRE | AB90: =IF(ISBLANK(Tableau!$AY90), "LIBRE", "OCCUPÉ") -> OCCUPÉ | AC90: Plopsa
A91: =Tableau!A91 -> 326 | B91: =VLOOKUP($A91,LocalisationRemorque,2,0) -> Gembloux | C91: =VLOOKUP($A91,LocalisationRemorque,3,0) -> Carrefour Didi - Les Isnes | D91: =CONCATENATE(VLOOKUP($A91,LocalisationRemorque,6,0)," ► ",VLOOKUP($A91,LocalisationRemorque,5,0)) -> E42 ► Eghezée | E91: =IF(ISBLANK(Tableau!$E$91), "LIBRE", "OCCUPÉ") -> LIBRE | F91: =IF(ISBLANK(Tableau!$G$91), "LIBRE", "OCCUPÉ") -> LIBRE | G91: =IF(ISBLANK(Tableau!$I$91), "LIBRE", "OCCUPÉ") -> LIBRE | H91: =IF(ISBLANK(Tableau!$K$91), "LIBRE", "OCCUPÉ") -> LIBRE | I91: =IF(ISBLANK(Tableau!$M$91), "LIBRE", "OCCUPÉ") -> LIBRE | J91: =IF(ISBLANK(Tableau!$O$91), "LIBRE", "OCCUPÉ") -> LIBRE | K91: =IF(ISBLANK(Tableau!$Q$91), "LIBRE", "OCCUPÉ") -> LIBRE | L91: =IF(ISBLANK(Tableau!$S$91), "LIBRE", "OCCUPÉ") -> LIBRE | M91: =IF(ISBLANK(Tableau!$U$91), "LIBRE", "OCCUPÉ") -> LIBRE | N91: =IF(ISBLANK(Tableau!$W$91), "LIBRE", "OCCUPÉ") -> LIBRE | O91: =IF(ISBLANK(Tableau!$Y$91), "LIBRE", "OCCUPÉ") -> LIBRE | P91: =IF(ISBLANK(Tableau!$AA$91), "LIBRE", "OCCUPÉ") -> LIBRE | Q91: =IF(ISBLANK(Tableau!$AC$91), "LIBRE", "OCCUPÉ") -> LIBRE | R91: =IF(ISBLANK(Tableau!$AE$91), "LIBRE", "OCCUPÉ") -> LIBRE | S91: =IF(ISBLANK(Tableau!$AG$91), "LIBRE", "OCCUPÉ") -> LIBRE | T91: =IF(ISBLANK(Tableau!$AI$91), "LIBRE", "OCCUPÉ") -> LIBRE | U91: =IF(ISBLANK(Tableau!$AK$91), "LIBRE", "OCCUPÉ") -> LIBRE | V91: =IF(ISBLANK(Tableau!$AM$91), "LIBRE", "OCCUPÉ") -> LIBRE | W91: =IF(ISBLANK(Tableau!$AO$91), "LIBRE", "OCCUPÉ") -> LIBRE | X91: =IF(ISBLANK(Tableau!$AQ$91), "LIBRE", "OCCUPÉ") -> LIBRE | Y91: =IF(ISBLANK(Tableau!$AS$91), "LIBRE", "OCCUPÉ") -> LIBRE | Z91: =IF(ISBLANK(Tableau!$AU$91), "LIBRE", "OCCUPÉ") -> LIBRE | AA91: =IF(ISBLANK(Tableau!$AW$91), "LIBRE", "OCCUPÉ") -> LIBRE | AB91: =IF(ISBLANK(Tableau!$AY91), "LIBRE", "OCCUPÉ") -> LIBRE | AC91: Plopsa
A92: =Tableau!A92 -> 327 | B92: =VLOOKUP($A92,LocalisationRemorque,2,0) -> Gembloux | C92: =VLOOKUP($A92,LocalisationRemorque,3,0) -> Carrefour Didi - Gembloux | D92: =CONCATENATE(VLOOKUP($A92,LocalisationRemorque,6,0)," ► ",VLOOKUP($A92,LocalisationRemorque,5,0)) -> Gembloux ► Namur | E92: =IF(ISBLANK(Tableau!$E$92), "LIBRE", "OCCUPÉ") -> LIBRE | F92: =IF(ISBLANK(Tableau!$G$92), "LIBRE", "OCCUPÉ") -> LIBRE | G92: =IF(ISBLANK(Tableau!$I$92), "LIBRE", "OCCUPÉ") -> LIBRE | H92: =IF(ISBLANK(Tableau!$K$92), "LIBRE", "OCCUPÉ") -> LIBRE | I92: =IF(ISBLANK(Tableau!$M$92), "LIBRE", "OCCUPÉ") -> LIBRE | J92: =IF(ISBLANK(Tableau!$O$92), "LIBRE", "OCCUPÉ") -> LIBRE | K92: =IF(ISBLANK(Tableau!$Q$92), "LIBRE", "OCCUPÉ") -> LIBRE | L92: =IF(ISBLANK(Tableau!$S$92), "LIBRE", "OCCUPÉ") -> LIBRE | M92: =IF(ISBLANK(Tableau!$U$92), "LIBRE", "OCCUPÉ") -> LIBRE | N92: =IF(ISBLANK(Tableau!$W$92), "LIBRE", "OCCUPÉ") -> LIBRE | O92: =IF(ISBLANK(Tableau!$Y$92), "LIBRE", "OCCUPÉ") -> LIBRE | P92: =IF(ISBLANK(Tableau!$AA$92), "LIBRE", "OCCUPÉ") -> LIBRE | Q92: =IF(ISBLANK(Tableau!$AC$92), "LIBRE", "OCCUPÉ") -> OCCUPÉ | R92: =IF(ISBLANK(Tableau!$AE$92), "LIBRE", "OCCUPÉ") -> LIBRE | S92: =IF(ISBLANK(Tableau!$AG$92), "LIBRE", "OCCUPÉ") -> OCCUPÉ | T92: =IF(ISBLANK(Tableau!$AI$92), "LIBRE", "OCCUPÉ") -> LIBRE | U92: =IF(ISBLANK(Tableau!$AK$92), "LIBRE", "OCCUPÉ") -> LIBRE | V92: =IF(ISBLANK(Tableau!$AM$92), "LIBRE", "OCCUPÉ") -> LIBRE | W92: =IF(ISBLANK(Tableau!$AO$92), "LIBRE", "OCCUPÉ") -> OCCUPÉ | X92: =IF(ISBLANK(Tableau!$AQ$92), "LIBRE", "OCCUPÉ") -> LIBRE | Y92: =IF(ISBLANK(Tableau!$AS$92), "LIBRE", "OCCUPÉ") -> LIBRE | Z92: =IF(ISBLANK(Tableau!$AU$92), "LIBRE", "OCCUPÉ") -> LIBRE | AA92: =IF(ISBLANK(Tableau!$AW$92), "LIBRE", "OCCUPÉ") -> LIBRE | AB92: =IF(ISBLANK(Tableau!$AY92), "LIBRE", "OCCUPÉ") -> LIBRE | AC92: Plopsa
A93: =Tableau!A93 -> 328 | B93: =VLOOKUP($A93,LocalisationRemorque,2,0) -> Gembloux | C93: =VLOOKUP($A93,LocalisationRemorque,3,0) -> Sauvenière | D93: =CONCATENATE(VLOOKUP($A93,LocalisationRemorque,6,0)," ► ",VLOOKUP($A93,LocalisationRemorque,5,0)) -> Gembloux ► E411 | E93: =IF(ISBLANK(Tableau!$E$93), "LIBRE", "OCCUPÉ") -> OCCUPÉ | F93: =IF(ISBLANK(Tableau!$G$93), "LIBRE", "OCCUPÉ") -> LIBRE | G93: =IF(ISBLANK(Tableau!$I$93), "LIBRE", "OCCUPÉ") -> LIBRE | H93: =IF(ISBLANK(Tableau!$K$93), "LIBRE", "OCCUPÉ") -> LIBRE | I93: =IF(ISBLANK(Tableau!$M$93), "LIBRE", "OCCUPÉ") -> LIBRE | J93: =IF(ISBLANK(Tableau!$O$93), "LIBRE", "OCCUPÉ") -> LIBRE | K93: =IF(ISBLANK(Tableau!$Q$93), "LIBRE", "OCCUPÉ") -> LIBRE | L93: =IF(ISBLANK(Tableau!$S$93), "LIBRE", "OCCUPÉ") -> LIBRE | M93: =IF(ISBLANK(Tableau!$U$93), "LIBRE", "OCCUPÉ") -> LIBRE | N93: =IF(ISBLANK(Tableau!$W$93), "LIBRE", "OCCUPÉ") -> LIBRE | O93: =IF(ISBLANK(Tableau!$Y$93), "LIBRE", "OCCUPÉ") -> LIBRE | P93: =IF(ISBLANK(Tableau!$AA$93), "LIBRE", "OCCUPÉ") -> LIBRE | Q93: =IF(ISBLANK(Tableau!$AC$93), "LIBRE", "OCCUPÉ") -> LIBRE | R93: =IF(ISBLANK(Tableau!$AE$93), "LIBRE", "OCCUPÉ") -> LIBRE | S93: =IF(ISBLANK(Tableau!$AG$93), "LIBRE", "OCCUPÉ") -> LIBRE | T93: =IF(ISBLANK(Tableau!$AI$93), "LIBRE", "OCCUPÉ") -> LIBRE | U93: =IF(ISBLANK(Tableau!$AK$93), "LIBRE", "OCCUPÉ") -> LIBRE | V93: =IF(ISBLANK(Tableau!$AM$93), "LIBRE", "OCCUPÉ") -> LIBRE | W93: =IF(ISBLANK(Tableau!$AO$93), "LIBRE", "OCCUPÉ") -> OCCUPÉ | X93: =IF(ISBLANK(Tableau!$AQ$93), "LIBRE", "OCCUPÉ") -> LIBRE | Y93: =IF(ISBLANK(Tableau!$AS$93), "LIBRE", "OCCUPÉ") -> LIBRE | Z93: =IF(ISBLANK(Tableau!$AU$93), "LIBRE", "OCCUPÉ") -> LIBRE | AA93: =IF(ISBLANK(Tableau!$AW$93), "LIBRE", "OCCUPÉ") -> LIBRE | AB93: =IF(ISBLANK(Tableau!$AY93), "LIBRE", "OCCUPÉ") -> LIBRE | AC93: Plopsa
A94: =Tableau!A94 -> 329 | B94: =VLOOKUP($A94,LocalisationRemorque,2,0) -> Gembloux | C94: =VLOOKUP($A94,LocalisationRemorque,3,0) -> Ernage/Walhain | D94: =CONCATENATE(VLOOKUP($A94,LocalisationRemorque,6,0)," ► ",VLOOKUP($A94,LocalisationRemorque,5,0)) -> Gembloux ► LLN | E94: =IF(ISBLANK(Tableau!$E$94), "LIBRE", "OCCUPÉ") -> OCCUPÉ | F94: =IF(ISBLANK(Tableau!$G$94), "LIBRE", "OCCUPÉ") -> LIBRE | G94: =IF(ISBLANK(Tableau!$I$94), "LIBRE", "OCCUPÉ") -> LIBRE | H94: =IF(ISBLANK(Tableau!$K$94), "LIBRE", "OCCUPÉ") -> LIBRE | I94: =IF(ISBLANK(Tableau!$M$94), "LIBRE", "OCCUPÉ") -> LIBRE | J94: =IF(ISBLANK(Tableau!$O$94), "LIBRE", "OCCUPÉ") -> LIBRE | K94: =IF(ISBLANK(Tableau!$Q$94), "LIBRE", "OCCUPÉ") -> OCCUPÉ | L94: =IF(ISBLANK(Tableau!$S$94), "LIBRE", "OCCUPÉ") -> LIBRE | M94: =IF(ISBLANK(Tableau!$U$94), "LIBRE", "OCCUPÉ") -> LIBRE | N94: =IF(ISBLANK(Tableau!$W$94), "LIBRE", "OCCUPÉ") -> LIBRE | O94: =IF(ISBLANK(Tableau!$Y$94), "LIBRE", "OCCUPÉ") -> LIBRE | P94: =IF(ISBLANK(Tableau!$AA$94), "LIBRE", "OCCUPÉ") -> LIBRE | Q94: =IF(ISBLANK(Tableau!$AC$94), "LIBRE", "OCCUPÉ") -> LIBRE | R94: =IF(ISBLANK(Tableau!$AE$94), "LIBRE", "OCCUPÉ") -> OCCUPÉ | S94: =IF(ISBLANK(Tableau!$AG$94), "LIBRE", "OCCUPÉ") -> LIBRE | T94: =IF(ISBLANK(Tableau!$AI$94), "LIBRE", "OCCUPÉ") -> LIBRE | U94: =IF(ISBLANK(Tableau!$AK$94), "LIBRE", "OCCUPÉ") -> LIBRE | V94: =IF(ISBLANK(Tableau!$AM$94), "LIBRE", "OCCUPÉ") -> LIBRE | W94: =IF(ISBLANK(Tableau!$AO$94), "LIBRE", "OCCUPÉ") -> LIBRE | X94: =IF(ISBLANK(Tableau!$AQ$94), "LIBRE", "OCCUPÉ") -> LIBRE | Y94: =IF(ISBLANK(Tableau!$AS$94), "LIBRE", "OCCUPÉ") -> OCCUPÉ | Z94: =IF(ISBLANK(Tableau!$AU$94), "LIBRE", "OCCUPÉ") -> LIBRE | AA94: =IF(ISBLANK(Tableau!$AW$94), "LIBRE", "OCCUPÉ") -> OCCUPÉ | AB94: =IF(ISBLANK(Tableau!$AY94), "LIBRE", "OCCUPÉ") -> LIBRE
A95: =Tableau!A95 -> 330 | B95: =VLOOKUP($A95,LocalisationRemorque,2,0) -> Namur | C95: =VLOOKUP($A95,LocalisationRemorque,3,0) -> Waret-La-Chée - Leuze | D95: =CONCATENATE(VLOOKUP($A95,LocalisationRemorque,6,0)," ► ",VLOOKUP($A95,LocalisationRemorque,5,0)) -> E411 (Champion) ► Eghezee | E95: =IF(ISBLANK(Tableau!$E$95), "LIBRE", "OCCUPÉ") -> LIBRE | F95: =IF(ISBLANK(Tableau!$G$95), "LIBRE", "OCCUPÉ") -> OCCUPÉ | G95: =IF(ISBLANK(Tableau!$I$95), "LIBRE", "OCCUPÉ") -> LIBRE | H95: =IF(ISBLANK(Tableau!$K$95), "LIBRE", "OCCUPÉ") -> LIBRE | I95: =IF(ISBLANK(Tableau!$M$95), "LIBRE", "OCCUPÉ") -> LIBRE | J95: =IF(ISBLANK(Tableau!$O$95), "LIBRE", "OCCUPÉ") -> LIBRE | K95: =IF(ISBLANK(Tableau!$Q$95), "LIBRE", "OCCUPÉ") -> LIBRE | L95: =IF(ISBLANK(Tableau!$S$95), "LIBRE", "OCCUPÉ") -> LIBRE | M95: =IF(ISBLANK(Tableau!$U$95), "LIBRE", "OCCUPÉ") -> LIBRE | N95: =IF(ISBLANK(Tableau!$W$95), "LIBRE", "OCCUPÉ") -> OCCUPÉ | O95: =IF(ISBLANK(Tableau!$Y$95), "LIBRE", "OCCUPÉ") -> LIBRE | P95: =IF(ISBLANK(Tableau!$AA$95), "LIBRE", "OCCUPÉ") -> OCCUPÉ | Q95: =IF(ISBLANK(Tableau!$AC$95), "LIBRE", "OCCUPÉ") -> LIBRE | R95: =IF(ISBLANK(Tableau!$AE$95), "LIBRE", "OCCUPÉ") -> OCCUPÉ | S95: =IF(ISBLANK(Tableau!$AG$95), "LIBRE", "OCCUPÉ") -> LIBRE | T95: =IF(ISBLANK(Tableau!$AI$95), "LIBRE", "OCCUPÉ") -> LIBRE | U95: =IF(ISBLANK(Tableau!$AK$95), "LIBRE", "OCCUPÉ") -> LIBRE | V95: =IF(ISBLANK(Tableau!$AM$95), "LIBRE", "OCCUPÉ") -> OCCUPÉ | W95: =IF(ISBLANK(Tableau!$AO$95), "LIBRE", "OCCUPÉ") -> LIBRE | X95: =IF(ISBLANK(Tableau!$AQ$95), "LIBRE", "OCCUPÉ") -> LIBRE | Y95: =IF(ISBLANK(Tableau!$AS$95), "LIBRE", "OCCUPÉ") -> LIBRE | Z95: =IF(ISBLANK(Tableau!$AU$95), "LIBRE", "OCCUPÉ") -> LIBRE | AA95: =IF(ISBLANK(Tableau!$AW$95), "LIBRE", "OCCUPÉ") -> LIBRE | AB95: =IF(ISBLANK(Tableau!$AY95), "LIBRE", "OCCUPÉ") -> LIBRE
A96: =Tableau!A96 -> 331 | B96: =VLOOKUP($A96,LocalisationRemorque,2,0) -> Namur | C96: =VLOOKUP($A96,LocalisationRemorque,3,0) -> Bouge | D96: =CONCATENATE(VLOOKUP($A96,LocalisationRemorque,6,0)," ► ",VLOOKUP($A96,LocalisationRemorque,5,0)) -> Namur ► Hannut | E96: =IF(ISBLANK(Tableau!$E$96), "LIBRE", "OCCUPÉ") -> OCCUPÉ | F96: =IF(ISBLANK(Tableau!$G$96), "LIBRE", "OCCUPÉ") -> OCCUPÉ | G96: =IF(ISBLANK(Tableau!$I$96), "LIBRE", "OCCUPÉ") -> OCCUPÉ | H96: =IF(ISBLANK(Tableau!$K$96), "LIBRE", "OCCUPÉ") -> LIBRE | I96: =IF(ISBLANK(Tableau!$M$96), "LIBRE", "OCCUPÉ") -> OCCUPÉ | J96: =IF(ISBLANK(Tableau!$O$96), "LIBRE", "OCCUPÉ") -> LIBRE | K96: =IF(ISBLANK(Tableau!$Q$96), "LIBRE", "OCCUPÉ") -> OCCUPÉ | L96: =IF(ISBLANK(Tableau!$S$96), "LIBRE", "OCCUPÉ") -> LIBRE | M96: =IF(ISBLANK(Tableau!$U$96), "LIBRE", "OCCUPÉ") -> OCCUPÉ | N96: =IF(ISBLANK(Tableau!$W$96), "LIBRE", "OCCUPÉ") -> OCCUPÉ | O96: =IF(ISBLANK(Tableau!$Y$96), "LIBRE", "OCCUPÉ") -> LIBRE | P96: =IF(ISBLANK(Tableau!$AA$96), "LIBRE", "OCCUPÉ") -> LIBRE | Q96: =IF(ISBLANK(Tableau!$AC$96), "LIBRE", "OCCUPÉ") -> OCCUPÉ | R96: =IF(ISBLANK(Tableau!$AE$96), "LIBRE", "OCCUPÉ") -> LIBRE | S96: =IF(ISBLANK(Tableau!$AG$96), "LIBRE", "OCCUPÉ") -> LIBRE | T96: =IF(ISBLANK(Tableau!$AI$96), "LIBRE", "OCCUPÉ") -> LIBRE | U96: =IF(ISBLANK(Tableau!$AK$96), "LIBRE", "OCCUPÉ") -> LIBRE | V96: =IF(ISBLANK(Tableau!$AM$96), "LIBRE", "OCCUPÉ") -> OCCUPÉ | W96: =IF(ISBLANK(Tableau!$AO$96), "LIBRE", "OCCUPÉ") -> LIBRE | X96: =IF(ISBLANK(Tableau!$AQ$96), "LIBRE", "OCCUPÉ") -> LIBRE | Y96: =IF(ISBLANK(Tableau!$AS$96), "LIBRE", "OCCUPÉ") -> LIBRE | Z96: =IF(ISBLANK(Tableau!$AU$96), "LIBRE", "OCCUPÉ") -> LIBRE | AA96: =IF(ISBLANK(Tableau!$AW$96), "LIBRE", "OCCUPÉ") -> LIBRE | AB96: =IF(ISBLANK(Tableau!$AY96), "LIBRE", "OCCUPÉ") -> LIBRE
A97: =Tableau!A97 -> 332 | B97: =VLOOKUP($A97,LocalisationRemorque,2,0) -> Namur | C97: =VLOOKUP($A97,LocalisationRemorque,3,0) -> Flawinne | D97: =CONCATENATE(VLOOKUP($A97,LocalisationRemorque,6,0)," ► ",VLOOKUP($A97,LocalisationRemorque,5,0)) -> Floreffe ► Namur | E97: =IF(ISBLANK(Tableau!$E$97), "LIBRE", "OCCUPÉ") -> OCCUPÉ | F97: =IF(ISBLANK(Tableau!$G$97), "LIBRE", "OCCUPÉ") -> LIBRE | G97: =IF(ISBLANK(Tableau!$I$97), "LIBRE", "OCCUPÉ") -> OCCUPÉ | H97: =IF(ISBLANK(Tableau!$K$97), "LIBRE", "OCCUPÉ") -> LIBRE | I97: =IF(ISBLANK(Tableau!$M$97), "LIBRE", "OCCUPÉ") -> OCCUPÉ | J97: =IF(ISBLANK(Tableau!$O$97), "LIBRE", "OCCUPÉ") -> LIBRE | K97: =IF(ISBLANK(Tableau!$Q$97), "LIBRE", "OCCUPÉ") -> OCCUPÉ | L97: =IF(ISBLANK(Tableau!$S$97), "LIBRE", "OCCUPÉ") -> LIBRE | M97: =IF(ISBLANK(Tableau!$U$97), "LIBRE", "OCCUPÉ") -> OCCUPÉ | N97: =IF(ISBLANK(Tableau!$W$97), "LIBRE", "OCCUPÉ") -> LIBRE | O97: =IF(ISBLANK(Tableau!$Y$97), "LIBRE", "OCCUPÉ") -> LIBRE | P97: =IF(ISBLANK(Tableau!$AA$97), "LIBRE", "OCCUPÉ") -> LIBRE | Q97: =IF(ISBLANK(Tableau!$AC$97), "LIBRE", "OCCUPÉ") -> LIBRE | R97: =IF(ISBLANK(Tableau!$AE$97), "LIBRE", "OCCUPÉ") -> LIBRE | S97: =IF(ISBLANK(Tableau!$AG$97), "LIBRE", "OCCUPÉ") -> OCCUPÉ | T97: =IF(ISBLANK(Tableau!$AI$97), "LIBRE", "OCCUPÉ") -> LIBRE | U97: =IF(ISBLANK(Tableau!$AK$97), "LIBRE", "OCCUPÉ") -> LIBRE | V97: =IF(ISBLANK(Tableau!$AM$97), "LIBRE", "OCCUPÉ") -> LIBRE | W97: =IF(ISBLANK(Tableau!$AO$97), "LIBRE", "OCCUPÉ") -> LIBRE | X97: =IF(ISBLANK(Tableau!$AQ$97), "LIBRE", "OCCUPÉ") -> LIBRE | Y97: =IF(ISBLANK(Tableau!$AS$97), "LIBRE", "OCCUPÉ") -> LIBRE | Z97: =IF(ISBLANK(Tableau!$AU$97), "LIBRE", "OCCUPÉ") -> LIBRE | AA97: =IF(ISBLANK(Tableau!$AW$97), "LIBRE", "OCCUPÉ") -> LIBRE | AB97: =IF(ISBLANK(Tableau!$AY97), "LIBRE", "OCCUPÉ") -> LIBRE
A98: =Tableau!A98 -> 333 | B98: =VLOOKUP($A98,LocalisationRemorque,2,0) -> Namur | C98: =VLOOKUP($A98,LocalisationRemorque,3,0) -> Malonne - Tonton Tapis | D98: =CONCATENATE(VLOOKUP($A98,LocalisationRemorque,6,0)," ► ",VLOOKUP($A98,LocalisationRemorque,5,0)) -> Namur ► Floreffe | E98: =IF(ISBLANK(Tableau!$E$98), "LIBRE", "OCCUPÉ") -> LIBRE | F98: =IF(ISBLANK(Tableau!$G$98), "LIBRE", "OCCUPÉ") -> OCCUPÉ | G98: =IF(ISBLANK(Tableau!$I$98), "LIBRE", "OCCUPÉ") -> LIBRE | H98: =IF(ISBLANK(Tableau!$K$98), "LIBRE", "OCCUPÉ") -> LIBRE | I98: =IF(ISBLANK(Tableau!$M$98), "LIBRE", "OCCUPÉ") -> LIBRE | J98: =IF(ISBLANK(Tableau!$O$98), "LIBRE", "OCCUPÉ") -> LIBRE | K98: =IF(ISBLANK(Tableau!$Q$98), "LIBRE", "OCCUPÉ") -> OCCUPÉ | L98: =IF(ISBLANK(Tableau!$S$98), "LIBRE", "OCCUPÉ") -> OCCUPÉ | M98: =IF(ISBLANK(Tableau!$U$98), "LIBRE", "OCCUPÉ") -> LIBRE | N98: =IF(ISBLANK(Tableau!$W$98), "LIBRE", "OCCUPÉ") -> LIBRE | O98: =IF(ISBLANK(Tableau!$Y$98), "LIBRE", "OCCUPÉ") -> LIBRE | P98: =IF(ISBLANK(Tableau!$AA$98), "LIBRE", "OCCUPÉ") -> OCCUPÉ | Q98: =IF(ISBLANK(Tableau!$AC$98), "LIBRE", "OCCUPÉ") -> LIBRE | R98: =IF(ISBLANK(Tableau!$AE$98), "LIBRE", "OCCUPÉ") -> OCCUPÉ | S98: =IF(ISBLANK(Tableau!$AG$98), "LIBRE", "OCCUPÉ") -> LIBRE | T98: =IF(ISBLANK(Tableau!$AI$98), "LIBRE", "OCCUPÉ") -> LIBRE | U98: =IF(ISBLANK(Tableau!$AK$98), "LIBRE", "OCCUPÉ") -> OCCUPÉ | V98: =IF(ISBLANK(Tableau!$AM$98), "LIBRE", "OCCUPÉ") -> LIBRE | W98: =IF(ISBLANK(Tableau!$AO$98), "LIBRE", "OCCUPÉ") -> LIBRE | X98: =IF(ISBLANK(Tableau!$AQ$98), "LIBRE", "OCCUPÉ") -> LIBRE | Y98: =IF(ISBLANK(Tableau!$AS$98), "LIBRE", "OCCUPÉ") -> LIBRE | Z98: =IF(ISBLANK(Tableau!$AU$98), "LIBRE", "OCCUPÉ") -> LIBRE | AA98: =IF(ISBLANK(Tableau!$AW$98), "LIBRE", "OCCUPÉ") -> LIBRE | AB98: =IF(ISBLANK(Tableau!$AY98), "LIBRE", "OCCUPÉ") -> LIBRE
A99: =Tableau!A99 -> 334 | B99: =VLOOKUP($A99,LocalisationRemorque,2,0) -> Namur | C99: =VLOOKUP($A99,LocalisationRemorque,3,0) -> Rhisnes | D99: =CONCATENATE(VLOOKUP($A99,LocalisationRemorque,6,0)," ► ",VLOOKUP($A99,LocalisationRemorque,5,0)) -> Gembloux ► Namur | E99: =IF(ISBLANK(Tableau!$E$99), "LIBRE", "OCCUPÉ") -> LIBRE | F99: =IF(ISBLANK(Tableau!$G$99), "LIBRE", "OCCUPÉ") -> OCCUPÉ | G99: =IF(ISBLANK(Tableau!$I$99), "LIBRE", "OCCUPÉ") -> LIBRE | H99: =IF(ISBLANK(Tableau!$K$99), "LIBRE", "OCCUPÉ") -> OCCUPÉ | I99: =IF(ISBLANK(Tableau!$M$99), "LIBRE", "OCCUPÉ") -> LIBRE | J99: =IF(ISBLANK(Tableau!$O$99), "LIBRE", "OCCUPÉ") -> OCCUPÉ | K99: =IF(ISBLANK(Tableau!$Q$99), "LIBRE", "OCCUPÉ") -> LIBRE | L99: =IF(ISBLANK(Tableau!$S$99), "LIBRE", "OCCUPÉ") -> OCCUPÉ | M99: =IF(ISBLANK(Tableau!$U$99), "LIBRE", "OCCUPÉ") -> LIBRE | N99: =IF(ISBLANK(Tableau!$W$99), "LIBRE", "OCCUPÉ") -> OCCUPÉ | O99: =IF(ISBLANK(Tableau!$Y$99), "LIBRE", "OCCUPÉ") -> OCCUPÉ | P99: =IF(ISBLANK(Tableau!$AA$99), "LIBRE", "OCCUPÉ") -> OCCUPÉ | Q99: =IF(ISBLANK(Tableau!$AC$99), "LIBRE", "OCCUPÉ") -> LIBRE | R99: =IF(ISBLANK(Tableau!$AE$99), "LIBRE", "OCCUPÉ") -> OCCUPÉ | S99: =IF(ISBLANK(Tableau!$AG$99), "LIBRE", "OCCUPÉ") -> LIBRE | T99: =IF(ISBLANK(Tableau!$AI$99), "LIBRE", "OCCUPÉ") -> OCCUPÉ | U99: =IF(ISBLANK(Tableau!$AK$99), "LIBRE", "OCCUPÉ") -> LIBRE | V99: =IF(ISBLANK(Tableau!$AM$99), "LIBRE", "OCCUPÉ") -> OCCUPÉ | W99: =IF(ISBLANK(Tableau!$AO$99), "LIBRE", "OCCUPÉ") -> LIBRE | X99: =IF(ISBLANK(Tableau!$AQ$99), "LIBRE", "OCCUPÉ") -> OCCUPÉ | Y99: =IF(ISBLANK(Tableau!$AS$99), "LIBRE", "OCCUPÉ") -> LIBRE | Z99: =IF(ISBLANK(Tableau!$AU$99), "LIBRE", "OCCUPÉ") -> OCCUPÉ | AA99: =IF(ISBLANK(Tableau!$AW$99), "LIBRE", "OCCUPÉ") -> LIBRE | AB99: =IF(ISBLANK(Tableau!$AY99), "LIBRE", "OCCUPÉ") -> OCCUPÉ
A100: =Tableau!A100 -> 335 | B100: =VLOOKUP($A100,LocalisationRemorque,2,0) -> Namur | C100: =VLOOKUP($A100,LocalisationRemorque,3,0) -> Temploux | D100: =CONCATENATE(VLOOKUP($A100,LocalisationRemorque,6,0)," ► ",VLOOKUP($A100,LocalisationRemorque,5,0)) -> Nivelles ► Namur | E100: =IF(ISBLANK(Tableau!$E$100), "LIBRE", "OCCUPÉ") -> OCCUPÉ | F100: =IF(ISBLANK(Tableau!$G$100), "LIBRE", "OCCUPÉ") -> OCCUPÉ | G100: =IF(ISBLANK(Tableau!$I$100), "LIBRE", "OCCUPÉ") -> OCCUPÉ | H100: =IF(ISBLANK(Tableau!$K$100), "LIBRE", "OCCUPÉ") -> LIBRE | I100: =IF(ISBLANK(Tableau!$M$100), "LIBRE", "OCCUPÉ") -> OCCUPÉ | J100: =IF(ISBLANK(Tableau!$O$100), "LIBRE", "OCCUPÉ") -> LIBRE | K100: =IF(ISBLANK(Tableau!$Q$100), "LIBRE", "OCCUPÉ") -> OCCUPÉ | L100: =IF(ISBLANK(Tableau!$S$100), "LIBRE", "OCCUPÉ") -> LIBRE | M100: =IF(ISBLANK(Tableau!$U$100), "LIBRE", "OCCUPÉ") -> OCCUPÉ | N100: =IF(ISBLANK(Tableau!$W$100), "LIBRE", "OCCUPÉ") -> LIBRE | O100: =IF(ISBLANK(Tableau!$Y$100), "LIBRE", "OCCUPÉ") -> LIBRE | P100: =IF(ISBLANK(Tableau!$AA$100), "LIBRE", "OCCUPÉ") -> LIBRE | Q100: =IF(ISBLANK(Tableau!$AC$100), "LIBRE", "OCCUPÉ") -> OCCUPÉ | R100: =IF(ISBLANK(Tableau!$AE$100), "LIBRE", "OCCUPÉ") -> LIBRE | S100: =IF(ISBLANK(Tableau!$AG$100), "LIBRE", "OCCUPÉ") -> LIBRE | T100: =IF(ISBLANK(Tableau!$AI$100), "LIBRE", "OCCUPÉ") -> LIBRE | U100: =IF(ISBLANK(Tableau!$AK$100), "LIBRE", "OCCUPÉ") -> LIBRE | V100: =IF(ISBLANK(Tableau!$AM$100), "LIBRE", "OCCUPÉ") -> LIBRE | W100: =IF(ISBLANK(Tableau!$AO$100), "LIBRE", "OCCUPÉ") -> LIBRE | X100: =IF(ISBLANK(Tableau!$AQ$100), "LIBRE", "OCCUPÉ") -> LIBRE | Y100: =IF(ISBLANK(Tableau!$AS$100), "LIBRE", "OCCUPÉ") -> LIBRE | Z100: =IF(ISBLANK(Tableau!$AU$100), "LIBRE", "OCCUPÉ") -> LIBRE | AA100: =IF(ISBLANK(Tableau!$AW$100), "LIBRE", "OCCUPÉ") -> LIBRE | AB100: =IF(ISBLANK(Tableau!$AY100), "LIBRE", "OCCUPÉ") -> LIBRE
...

Sheet Plopsa
B1: 2026 | C1: Emplacement | D1: Direction | E1: Janvier | F1: Janvier | G1: Février | H1: Février | I1: Mars | J1: Mars | K1: Avril | L1: Avril | M1: Mai | N1: Mai | O1: Juin | P1: Juin | Q1: Juillet | R1: Juillet | S1: Août | T1: Août | U1: Septembre | V1: Septembre | W1: Octobre | X1: Octobre | Y1: Novembre | Z1: Novembre | AA1: Décembre | AB1: Décembre
A2: =Tableau!A2 | B2: =VLOOKUP($A2,LocalisationRemorque,2,0) -> Remorque non listée | C2: =VLOOKUP($A2,LocalisationRemorque,3,0) | D2: =CONCATENATE(VLOOKUP($A2,LocalisationRemorque,6,0)," ► ",VLOOKUP($A2,LocalisationRemorque,5,0)) -> ► | E2: =IF(ISBLANK(Tableau!$E$2), "LIBRE", "OCCUPÉ") -> LIBRE | F2: =IF(ISBLANK(Tableau!$G$2), "LIBRE", "OCCUPÉ") -> LIBRE | G2: =IF(ISBLANK(Tableau!$I$2), "LIBRE", "OCCUPÉ") -> LIBRE | H2: =IF(ISBLANK(Tableau!$K$2), "LIBRE", "OCCUPÉ") -> LIBRE | I2: =IF(ISBLANK(Tableau!$M$2), "LIBRE", "OCCUPÉ") -> LIBRE | J2: =IF(ISBLANK(Tableau!$O$2), "LIBRE", "OCCUPÉ") -> LIBRE | K2: =IF(ISBLANK(Tableau!$Q$2), "LIBRE", "OCCUPÉ") -> LIBRE | L2: =IF(ISBLANK(Tableau!$S$2), "LIBRE", "OCCUPÉ") -> LIBRE | M2: =IF(ISBLANK(Tableau!$U$2), "LIBRE", "OCCUPÉ") -> LIBRE | N2: =IF(ISBLANK(Tableau!$W$2), "LIBRE", "OCCUPÉ") -> LIBRE | O2: =IF(ISBLANK(Tableau!$Y$2), "LIBRE", "OCCUPÉ") -> LIBRE | P2: =IF(ISBLANK(Tableau!$AA$2), "LIBRE", "OCCUPÉ") -> LIBRE | Q2: =IF(ISBLANK(Tableau!$AC$2), "LIBRE", "OCCUPÉ") -> LIBRE | R2: =IF(ISBLANK(Tableau!$AE$2), "LIBRE", "OCCUPÉ") -> LIBRE | S2: =IF(ISBLANK(Tableau!$AG$2), "LIBRE", "OCCUPÉ") -> LIBRE | T2: =IF(ISBLANK(Tableau!$AI$2), "LIBRE", "OCCUPÉ") -> LIBRE | U2: =IF(ISBLANK(Tableau!$AK$2), "LIBRE", "OCCUPÉ") -> LIBRE | V2: =IF(ISBLANK(Tableau!$AM$2), "LIBRE", "OCCUPÉ") -> LIBRE | W2: =IF(ISBLANK(Tableau!$AO$2), "LIBRE", "OCCUPÉ") -> LIBRE | X2: =IF(ISBLANK(Tableau!$AQ$2), "LIBRE", "OCCUPÉ") -> LIBRE | Y2: =IF(ISBLANK(Tableau!$AS$2), "LIBRE", "OCCUPÉ") -> LIBRE | Z2: =IF(ISBLANK(Tableau!$AU$2), "LIBRE", "OCCUPÉ") -> LIBRE | AA2: =IF(ISBLANK(Tableau!$AW$2), "LIBRE", "OCCUPÉ") -> LIBRE | AB2: =IF(ISBLANK(Tableau!$AY$2), "LIBRE", "OCCUPÉ") -> LIBRE
A3: =Tableau!A3 -> 102 | B3: =VLOOKUP($A3,LocalisationRemorque,2,0) -> Nivelles | C3: =VLOOKUP($A3,LocalisationRemorque,3,0) -> Sud Thines | D3: =CONCATENATE(VLOOKUP($A3,LocalisationRemorque,6,0)," ► ",VLOOKUP($A3,LocalisationRemorque,5,0)) -> Nivelles ► Namur | E3: =IF(ISBLANK(Tableau!$E$3), "LIBRE", "OCCUPÉ") -> OCCUPÉ | F3: =IF(ISBLANK(Tableau!$G$3), "LIBRE", "OCCUPÉ") -> OCCUPÉ | G3: =IF(ISBLANK(Tableau!$I$3), "LIBRE", "OCCUPÉ") -> LIBRE | H3: =IF(ISBLANK(Tableau!$K$3), "LIBRE", "OCCUPÉ") -> LIBRE | I3: =IF(ISBLANK(Tableau!$M$3), "LIBRE", "OCCUPÉ") -> LIBRE | J3: =IF(ISBLANK(Tableau!$O$3), "LIBRE", "OCCUPÉ") -> LIBRE | K3: =IF(ISBLANK(Tableau!$Q$3), "LIBRE", "OCCUPÉ") -> LIBRE | L3: =IF(ISBLANK(Tableau!$S$3), "LIBRE", "OCCUPÉ") -> OCCUPÉ | M3: =IF(ISBLANK(Tableau!$U$3), "LIBRE", "OCCUPÉ") -> LIBRE | N3: =IF(ISBLANK(Tableau!$W$3), "LIBRE", "OCCUPÉ") -> OCCUPÉ | O3: =IF(ISBLANK(Tableau!$Y$3), "LIBRE", "OCCUPÉ") -> LIBRE | P3: =IF(ISBLANK(Tableau!$AA$3), "LIBRE", "OCCUPÉ") -> LIBRE | Q3: =IF(ISBLANK(Tableau!$AC$3), "LIBRE", "OCCUPÉ") -> OCCUPÉ | R3: =IF(ISBLANK(Tableau!$AE$3), "LIBRE", "OCCUPÉ") -> OCCUPÉ | S3: =IF(ISBLANK(Tableau!$AG$3), "LIBRE", "OCCUPÉ") -> LIBRE | T3: =IF(ISBLANK(Tableau!$AI$3), "LIBRE", "OCCUPÉ") -> LIBRE | U3: =IF(ISBLANK(Tableau!$AK$3), "LIBRE", "OCCUPÉ") -> OCCUPÉ | V3: =IF(ISBLANK(Tableau!$AM$3), "LIBRE", "OCCUPÉ") -> LIBRE | W3: =IF(ISBLANK(Tableau!$AO$3), "LIBRE", "OCCUPÉ") -> OCCUPÉ | X3: =IF(ISBLANK(Tableau!$AQ$3), "LIBRE", "OCCUPÉ") -> LIBRE | Y3: =IF(ISBLANK(Tableau!$AS$3), "LIBRE", "OCCUPÉ") -> LIBRE | Z3: =IF(ISBLANK(Tableau!$AU$3), "LIBRE", "OCCUPÉ") -> LIBRE | AA3: =IF(ISBLANK(Tableau!$AW$3), "LIBRE", "OCCUPÉ") -> OCCUPÉ | AB3: =IF(ISBLANK(Tableau!$AY$3), "LIBRE", "OCCUPÉ") -> LIBRE
A4: =Tableau!A4 | B4: =VLOOKUP($A4,LocalisationRemorque,2,0) -> Remorque non listée | C4: =VLOOKUP($A4,LocalisationRemorque,3,0) | D4: =CONCATENATE(VLOOKUP($A4,LocalisationRemorque,6,0)," ► ",VLOOKUP($A4,LocalisationRemorque,5,0)) -> ► | E4: =IF(ISBLANK(Tableau!$E$4), "LIBRE", "OCCUPÉ") -> LIBRE | F4: =IF(ISBLANK(Tableau!$G$4), "LIBRE", "OCCUPÉ") -> LIBRE | G4: =IF(ISBLANK(Tableau!$I$4), "LIBRE", "OCCUPÉ") -> LIBRE | H4: =IF(ISBLANK(Tableau!$K$4), "LIBRE", "OCCUPÉ") -> LIBRE | I4: =IF(ISBLANK(Tableau!$M$4), "LIBRE", "OCCUPÉ") -> LIBRE | J4: =IF(ISBLANK(Tableau!$O$4), "LIBRE", "OCCUPÉ") -> LIBRE | K4: =IF(ISBLANK(Tableau!$Q$4), "LIBRE", "OCCUPÉ") -> LIBRE | L4: =IF(ISBLANK(Tableau!$S$4), "LIBRE", "OCCUPÉ") -> LIBRE | M4: =IF(ISBLANK(Tableau!$U$4), "LIBRE", "OCCUPÉ") -> LIBRE | N4: =IF(ISBLANK(Tableau!$W$4), "LIBRE", "OCCUPÉ") -> LIBRE | O4: =IF(ISBLANK(Tableau!$Y$4), "LIBRE", "OCCUPÉ") -> LIBRE | P4: =IF(ISBLANK(Tableau!$AA$4), "LIBRE", "OCCUPÉ") -> LIBRE | Q4: =IF(ISBLANK(Tableau!$AC$4), "LIBRE", "OCCUPÉ") -> LIBRE | R4: =IF(ISBLANK(Tableau!$AE$4), "LIBRE", "OCCUPÉ") -> LIBRE | S4: =IF(ISBLANK(Tableau!$AG$4), "LIBRE", "OCCUPÉ") -> LIBRE | T4: =IF(ISBLANK(Tableau!$AI$4), "LIBRE", "OCCUPÉ") -> LIBRE | U4: =IF(ISBLANK(Tableau!$AK$4), "LIBRE", "OCCUPÉ") -> LIBRE | V4: =IF(ISBLANK(Tableau!$AM$4), "LIBRE", "OCCUPÉ") -> LIBRE | W4: =IF(ISBLANK(Tableau!$AO$4), "LIBRE", "OCCUPÉ") -> LIBRE | X4: =IF(ISBLANK(Tableau!$AQ$4), "LIBRE", "OCCUPÉ") -> LIBRE | Y4: =IF(ISBLANK(Tableau!$AS$4), "LIBRE", "OCCUPÉ") -> LIBRE | Z4: =IF(ISBLANK(Tableau!$AU$4), "LIBRE", "OCCUPÉ") -> LIBRE | AA4: =IF(ISBLANK(Tableau!$AW$4), "LIBRE", "OCCUPÉ") -> LIBRE | AB4: =IF(ISBLANK(Tableau!$AY$4), "LIBRE", "OCCUPÉ") -> LIBRE
A5: =Tableau!A5 -> 104 | B5: =VLOOKUP($A5,LocalisationRemorque,2,0) -> Ottignies | C5: =VLOOKUP($A5,LocalisationRemorque,3,0) -> Clinique | D5: =CONCATENATE(VLOOKUP($A5,LocalisationRemorque,6,0)," ► ",VLOOKUP($A5,LocalisationRemorque,5,0)) -> Rixensart ► Court-Saint-Etienne | E5: =IF(ISBLANK(Tableau!$E$5), "LIBRE", "OCCUPÉ") -> OCCUPÉ | F5: =IF(ISBLANK(Tableau!$G$5), "LIBRE", "OCCUPÉ") -> OCCUPÉ | G5: =IF(ISBLANK(Tableau!$I$5), "LIBRE", "OCCUPÉ") -> LIBRE | H5: =IF(ISBLANK(Tableau!$K$5), "LIBRE", "OCCUPÉ") -> LIBRE | I5: =IF(ISBLANK(Tableau!$M$5), "LIBRE", "OCCUPÉ") -> OCCUPÉ | J5: =IF(ISBLANK(Tableau!$O$5), "LIBRE", "OCCUPÉ") -> LIBRE | K5: =IF(ISBLANK(Tableau!$Q$5), "LIBRE", "OCCUPÉ") -> LIBRE | L5: =IF(ISBLANK(Tableau!$S$5), "LIBRE", "OCCUPÉ") -> LIBRE | M5: =IF(ISBLANK(Tableau!$U$5), "LIBRE", "OCCUPÉ") -> LIBRE | N5: =IF(ISBLANK(Tableau!$W$5), "LIBRE", "OCCUPÉ") -> LIBRE | O5: =IF(ISBLANK(Tableau!$Y$5), "LIBRE", "OCCUPÉ") -> OCCUPÉ | P5: =IF(ISBLANK(Tableau!$AA$5), "LIBRE", "OCCUPÉ") -> LIBRE | Q5: =IF(ISBLANK(Tableau!$AC$5), "LIBRE", "OCCUPÉ") -> LIBRE | R5: =IF(ISBLANK(Tableau!$AE$5), "LIBRE", "OCCUPÉ") -> LIBRE | S5: =IF(ISBLANK(Tableau!$AG$5), "LIBRE", "OCCUPÉ") -> LIBRE | T5: =IF(ISBLANK(Tableau!$AI$5), "LIBRE", "OCCUPÉ") -> LIBRE | U5: =IF(ISBLANK(Tableau!$AK$5), "LIBRE", "OCCUPÉ") -> OCCUPÉ | V5: =IF(ISBLANK(Tableau!$AM$5), "LIBRE", "OCCUPÉ") -> LIBRE | W5: =IF(ISBLANK(Tableau!$AO$5), "LIBRE", "OCCUPÉ") -> LIBRE | X5: =IF(ISBLANK(Tableau!$AQ$5), "LIBRE", "OCCUPÉ") -> LIBRE | Y5: =IF(ISBLANK(Tableau!$AS$5), "LIBRE", "OCCUPÉ") -> OCCUPÉ | Z5: =IF(ISBLANK(Tableau!$AU$5), "LIBRE", "OCCUPÉ") -> LIBRE | AA5: =IF(ISBLANK(Tableau!$AW$5), "LIBRE", "OCCUPÉ") -> LIBRE | AB5: =IF(ISBLANK(Tableau!$AY$5), "LIBRE", "OCCUPÉ") -> LIBRE
A6: =Tableau!A6 -> 105 | B6: =VLOOKUP($A6,LocalisationRemorque,2,0) -> Louvain-la-Neuve | C6: =VLOOKUP($A6,LocalisationRemorque,3,0) -> Corbais | D6: =CONCATENATE(VLOOKUP($A6,LocalisationRemorque,6,0)," ► ",VLOOKUP($A6,LocalisationRemorque,5,0)) -> LLN ► Gembloux | E6: =IF(ISBLANK(Tableau!$E$6), "LIBRE", "OCCUPÉ") -> OCCUPÉ | F6: =IF(ISBLANK(Tableau!$G$6), "LIBRE", "OCCUPÉ") -> LIBRE | G6: =IF(ISBLANK(Tableau!$I$6), "LIBRE", "OCCUPÉ") -> LIBRE | H6: =IF(ISBLANK(Tableau!$K$6), "LIBRE", "OCCUPÉ") -> LIBRE | I6: =IF(ISBLANK(Tableau!$M$6), "LIBRE", "OCCUPÉ") -> LIBRE | J6: =IF(ISBLANK(Tableau!$O$6), "LIBRE", "OCCUPÉ") -> LIBRE | K6: =IF(ISBLANK(Tableau!$Q$6), "LIBRE", "OCCUPÉ") -> LIBRE | L6: =IF(ISBLANK(Tableau!$S$6), "LIBRE", "OCCUPÉ") -> LIBRE | M6: =IF(ISBLANK(Tableau!$U$6), "LIBRE", "OCCUPÉ") -> LIBRE | N6: =IF(ISBLANK(Tableau!$W$6), "LIBRE", "OCCUPÉ") -> LIBRE | O6: =IF(ISBLANK(Tableau!$Y$6), "LIBRE", "OCCUPÉ") -> LIBRE | P6: =IF(ISBLANK(Tableau!$AA$6), "LIBRE", "OCCUPÉ") -> LIBRE | Q6: =IF(ISBLANK(Tableau!$AC$6), "LIBRE", "OCCUPÉ") -> OCCUPÉ | R6: =IF(ISBLANK(Tableau!$AE$6), "LIBRE", "OCCUPÉ") -> LIBRE | S6: =IF(ISBLANK(Tableau!$AG$6), "LIBRE", "OCCUPÉ") -> LIBRE | T6: =IF(ISBLANK(Tableau!$AI$6), "LIBRE", "OCCUPÉ") -> LIBRE | U6: =IF(ISBLANK(Tableau!$AK$6), "LIBRE", "OCCUPÉ") -> LIBRE | V6: =IF(ISBLANK(Tableau!$AM$6), "LIBRE", "OCCUPÉ") -> LIBRE | W6: =IF(ISBLANK(Tableau!$AO$6), "LIBRE", "OCCUPÉ") -> LIBRE | X6: =IF(ISBLANK(Tableau!$AQ$6), "LIBRE", "OCCUPÉ") -> LIBRE | Y6: =IF(ISBLANK(Tableau!$AS$6), "LIBRE", "OCCUPÉ") -> LIBRE | Z6: =IF(ISBLANK(Tableau!$AU$6), "LIBRE", "OCCUPÉ") -> LIBRE | AA6: =IF(ISBLANK(Tableau!$AW$6), "LIBRE", "OCCUPÉ") -> OCCUPÉ | AB6: =IF(ISBLANK(Tableau!$AY6), "LIBRE", "OCCUPÉ") -> LIBRE
A7: =Tableau!A7 -> 106 | B7: =VLOOKUP($A7,LocalisationRemorque,2,0) -> Wavre | C7: =VLOOKUP($A7,LocalisationRemorque,3,0) -> Grez-Doiceau 1 | D7: =CONCATENATE(VLOOKUP($A7,LocalisationRemorque,6,0)," ► ",VLOOKUP($A7,LocalisationRemorque,5,0)) -> Wavre ► Grez | E7: =IF(ISBLANK(Tableau!$E$7), "LIBRE", "OCCUPÉ") -> OCCUPÉ | F7: =IF(ISBLANK(Tableau!$G$7), "LIBRE", "OCCUPÉ") -> OCCUPÉ | G7: =IF(ISBLANK(Tableau!$I$7), "LIBRE", "OCCUPÉ") -> LIBRE | H7: =IF(ISBLANK(Tableau!$K$7), "LIBRE", "OCCUPÉ") -> LIBRE | I7: =IF(ISBLANK(Tableau!$M$7), "LIBRE", "OCCUPÉ") -> OCCUPÉ | J7: =IF(ISBLANK(Tableau!$O$7), "LIBRE", "OCCUPÉ") -> LIBRE | K7: =IF(ISBLANK(Tableau!$Q$7), "LIBRE", "OCCUPÉ") -> LIBRE | L7: =IF(ISBLANK(Tableau!$S$7), "LIBRE", "OCCUPÉ") -> LIBRE | M7: =IF(ISBLANK(Tableau!$U$7), "LIBRE", "OCCUPÉ") -> LIBRE | N7: =IF(ISBLANK(Tableau!$W$7), "LIBRE", "OCCUPÉ") -> LIBRE | O7: =IF(ISBLANK(Tableau!$Y$7), "LIBRE", "OCCUPÉ") -> OCCUPÉ | P7: =IF(ISBLANK(Tableau!$AA$7), "LIBRE", "OCCUPÉ") -> LIBRE | Q7: =IF(ISBLANK(Tableau!$AC$7), "LIBRE", "OCCUPÉ") -> LIBRE | R7: =IF(ISBLANK(Tableau!$AE$7), "LIBRE", "OCCUPÉ") -> LIBRE | S7: =IF(ISBLANK(Tableau!$AG$7), "LIBRE", "OCCUPÉ") -> LIBRE | T7: =IF(ISBLANK(Tableau!$AI$7), "LIBRE", "OCCUPÉ") -> LIBRE | U7: =IF(ISBLANK(Tableau!$AK$7), "LIBRE", "OCCUPÉ") -> OCCUPÉ | V7: =IF(ISBLANK(Tableau!$AM$7), "LIBRE", "OCCUPÉ") -> LIBRE | W7: =IF(ISBLANK(Tableau!$AO$7), "LIBRE", "OCCUPÉ") -> LIBRE | X7: =IF(ISBLANK(Tableau!$AQ$7), "LIBRE", "OCCUPÉ") -> LIBRE | Y7: =IF(ISBLANK(Tableau!$AS$7), "LIBRE", "OCCUPÉ") -> OCCUPÉ | Z7: =IF(ISBLANK(Tableau!$AU$7), "LIBRE", "OCCUPÉ") -> LIBRE | AA7: =IF(ISBLANK(Tableau!$AW$7), "LIBRE", "OCCUPÉ") -> LIBRE | AB7: =IF(ISBLANK(Tableau!$AY7), "LIBRE", "OCCUPÉ") -> LIBRE
A8: =Tableau!A8 -> 107 | B8: =VLOOKUP($A8,LocalisationRemorque,2,0) -> Wavre | C8: =VLOOKUP($A8,LocalisationRemorque,3,0) -> Grez-Doiceau 2 | D8: =CONCATENATE(VLOOKUP($A8,LocalisationRemorque,6,0)," ► ",VLOOKUP($A8,LocalisationRemorque,5,0)) -> LLN ► Wavre | E8: =IF(ISBLANK(Tableau!$E$8), "LIBRE", "OCCUPÉ") -> OCCUPÉ | F8: =IF(ISBLANK(Tableau!$G$8), "LIBRE", "OCCUPÉ") -> LIBRE | G8: =IF(ISBLANK(Tableau!$I$8), "LIBRE", "OCCUPÉ") -> LIBRE | H8: =IF(ISBLANK(Tableau!$K$8), "LIBRE", "OCCUPÉ") -> LIBRE | I8: =IF(ISBLANK(Tableau!$M$8), "LIBRE", "OCCUPÉ") -> OCCUPÉ | J8: =IF(ISBLANK(Tableau!$O$8), "LIBRE", "OCCUPÉ") -> LIBRE | K8: =IF(ISBLANK(Tableau!$Q$8), "LIBRE", "OCCUPÉ") -> LIBRE | L8: =IF(ISBLANK(Tableau!$S$8), "LIBRE", "OCCUPÉ") -> LIBRE | M8: =IF(ISBLANK(Tableau!$U$8), "LIBRE", "OCCUPÉ") -> LIBRE | N8: =IF(ISBLANK(Tableau!$W$8), "LIBRE", "OCCUPÉ") -> LIBRE | O8: =IF(ISBLANK(Tableau!$Y$8), "LIBRE", "OCCUPÉ") -> OCCUPÉ | P8: =IF(ISBLANK(Tableau!$AA$8), "LIBRE", "OCCUPÉ") -> LIBRE | Q8: =IF(ISBLANK(Tableau!$AC$8), "LIBRE", "OCCUPÉ") -> LIBRE | R8: =IF(ISBLANK(Tableau!$AE$8), "LIBRE", "OCCUPÉ") -> LIBRE | S8: =IF(ISBLANK(Tableau!$AG$8), "LIBRE", "OCCUPÉ") -> LIBRE | T8: =IF(ISBLANK(Tableau!$AI$8), "LIBRE", "OCCUPÉ") -> LIBRE | U8: =IF(ISBLANK(Tableau!$AK$8), "LIBRE", "OCCUPÉ") -> OCCUPÉ | V8: =IF(ISBLANK(Tableau!$AM$8), "LIBRE", "OCCUPÉ") -> LIBRE | W8: =IF(ISBLANK(Tableau!$AO$8), "LIBRE", "OCCUPÉ") -> LIBRE | X8: =IF(ISBLANK(Tableau!$AQ$8), "LIBRE", "OCCUPÉ") -> LIBRE | Y8: =IF(ISBLANK(Tableau!$AS$8), "LIBRE", "OCCUPÉ") -> OCCUPÉ | Z8: =IF(ISBLANK(Tableau!$AU$8), "LIBRE", "OCCUPÉ") -> LIBRE | AA8: =IF(ISBLANK(Tableau!$AW$8), "LIBRE", "OCCUPÉ") -> LIBRE | AB8: =IF(ISBLANK(Tableau!$AY8), "LIBRE", "OCCUPÉ") -> LIBRE
A9: =Tableau!A9 -> 108 | B9: =VLOOKUP($A9,LocalisationRemorque,2,0) -> Wavre | C9: =VLOOKUP($A9,LocalisationRemorque,3,0) -> Grez-Doiceau 3 | D9: =CONCATENATE(VLOOKUP($A9,LocalisationRemorque,6,0)," ► ",VLOOKUP($A9,LocalisationRemorque,5,0)) -> Wavre ► Grez | E9: =IF(ISBLANK(Tableau!$E$9), "LIBRE", "OCCUPÉ") -> OCCUPÉ | F9: =IF(ISBLANK(Tableau!$G$9), "LIBRE", "OCCUPÉ") -> LIBRE | G9: =IF(ISBLANK(Tableau!$I$9), "LIBRE", "OCCUPÉ") -> LIBRE | H9: =IF(ISBLANK(Tableau!$K$9), "LIBRE", "OCCUPÉ") -> LIBRE | I9: =IF(ISBLANK(Tableau!$M$9), "LIBRE", "OCCUPÉ") -> OCCUPÉ | J9: =IF(ISBLANK(Tableau!$O$9), "LIBRE", "OCCUPÉ") -> LIBRE | K9: =IF(ISBLANK(Tableau!$Q$9), "LIBRE", "OCCUPÉ") -> LIBRE | L9: =IF(ISBLANK(Tableau!$S$9), "LIBRE", "OCCUPÉ") -> LIBRE | M9: =IF(ISBLANK(Tableau!$U$9), "LIBRE", "OCCUPÉ") -> LIBRE | N9: =IF(ISBLANK(Tableau!$W$9), "LIBRE", "OCCUPÉ") -> LIBRE | O9: =IF(ISBLANK(Tableau!$Y$9), "LIBRE", "OCCUPÉ") -> OCCUPÉ | P9: =IF(ISBLANK(Tableau!$AA$9), "LIBRE", "OCCUPÉ") -> LIBRE | Q9: =IF(ISBLANK(Tableau!$AC$9), "LIBRE", "OCCUPÉ") -> OCCUPÉ | R9: =IF(ISBLANK(Tableau!$AE$9), "LIBRE", "OCCUPÉ") -> LIBRE | S9: =IF(ISBLANK(Tableau!$AG$9), "LIBRE", "OCCUPÉ") -> LIBRE | T9: =IF(ISBLANK(Tableau!$AI$9), "LIBRE", "OCCUPÉ") -> LIBRE | U9: =IF(ISBLANK(Tableau!$AK$9), "LIBRE", "OCCUPÉ") -> OCCUPÉ | V9: =IF(ISBLANK(Tableau!$AM$9), "LIBRE", "OCCUPÉ") -> LIBRE | W9: =IF(ISBLANK(Tableau!$AO$9), "LIBRE", "OCCUPÉ") -> LIBRE | X9: =IF(ISBLANK(Tableau!$AQ$9), "LIBRE", "OCCUPÉ") -> LIBRE | Y9: =IF(ISBLANK(Tableau!$AS$9), "LIBRE", "OCCUPÉ") -> OCCUPÉ | Z9: =IF(ISBLANK(Tableau!$AU$9), "LIBRE", "OCCUPÉ") -> LIBRE | AA9: =IF(ISBLANK(Tableau!$AW$9), "LIBRE", "OCCUPÉ") -> LIBRE | AB9: =IF(ISBLANK(Tableau!$AY9), "LIBRE", "OCCUPÉ") -> LIBRE
A10: =Tableau!A10 -> 109 | B10: =VLOOKUP($A10,LocalisationRemorque,2,0) -> Jodoigne | C10: =VLOOKUP($A10,LocalisationRemorque,3,0) -> Mélin | D10: =CONCATENATE(VLOOKUP($A10,LocalisationRemorque,6,0)," ► ",VLOOKUP($A10,LocalisationRemorque,5,0)) -> Jodoigne ► Beauvechain | E10: =IF(ISBLANK(Tableau!$E$10), "LIBRE", "OCCUPÉ") -> LIBRE | F10: =IF(ISBLANK(Tableau!$G$10), "LIBRE", "OCCUPÉ") -> LIBRE | G10: =IF(ISBLANK(Tableau!$I$10), "LIBRE", "OCCUPÉ") -> LIBRE | H10: =IF(ISBLANK(Tableau!$K$10), "LIBRE", "OCCUPÉ") -> LIBRE | I10: =IF(ISBLANK(Tableau!$M$10), "LIBRE", "OCCUPÉ") -> LIBRE | J10: =IF(ISBLANK(Tableau!$O$10), "LIBRE", "OCCUPÉ") -> LIBRE | K10: =IF(ISBLANK(Tableau!$Q$10), "LIBRE", "OCCUPÉ") -> LIBRE | L10: =IF(ISBLANK(Tableau!$S$10), "LIBRE", "OCCUPÉ") -> LIBRE | M10: =IF(ISBLANK(Tableau!$U$10), "LIBRE", "OCCUPÉ") -> LIBRE | N10: =IF(ISBLANK(Tableau!$W$10), "LIBRE", "OCCUPÉ") -> LIBRE | O10: =IF(ISBLANK(Tableau!$Y$10), "LIBRE", "OCCUPÉ") -> LIBRE | P10: =IF(ISBLANK(Tableau!$AA$10), "LIBRE", "OCCUPÉ") -> LIBRE | Q10: =IF(ISBLANK(Tableau!$AC$11), "LIBRE", "OCCUPÉ") -> LIBRE | R10: =IF(ISBLANK(Tableau!$AE$10), "LIBRE", "OCCUPÉ") -> LIBRE | S10: =IF(ISBLANK(Tableau!$AG$10), "LIBRE", "OCCUPÉ") -> LIBRE | T10: =IF(ISBLANK(Tableau!$AI$10), "LIBRE", "OCCUPÉ") -> LIBRE | U10: =IF(ISBLANK(Tableau!$AK$10), "LIBRE", "OCCUPÉ") -> LIBRE | V10: =IF(ISBLANK(Tableau!$AM$10), "LIBRE", "OCCUPÉ") -> LIBRE | W10: =IF(ISBLANK(Tableau!$AO$10), "LIBRE", "OCCUPÉ") -> LIBRE | X10: =IF(ISBLANK(Tableau!$AQ$10), "LIBRE", "OCCUPÉ") -> LIBRE | Y10: =IF(ISBLANK(Tableau!$AS$10), "LIBRE", "OCCUPÉ") -> LIBRE | Z10: =IF(ISBLANK(Tableau!$AU$10), "LIBRE", "OCCUPÉ") -> LIBRE | AA10: =IF(ISBLANK(Tableau!$AW$10), "LIBRE", "OCCUPÉ") -> LIBRE | AB10: =IF(ISBLANK(Tableau!$AY10), "LIBRE", "OCCUPÉ") -> LIBRE
A11: =Tableau!A11 -> 110 | B11: =VLOOKUP($A11,LocalisationRemorque,2,0) -> Jodoigne | C11: =VLOOKUP($A11,LocalisationRemorque,3,0) -> Entree Jodoigne | D11: =CONCATENATE(VLOOKUP($A11,LocalisationRemorque,6,0)," ► ",VLOOKUP($A11,LocalisationRemorque,5,0)) -> Jodoigne ► Tirlemont | E11: =IF(ISBLANK(Tableau!$E$11), "LIBRE", "OCCUPÉ") -> LIBRE | F11: =IF(ISBLANK(Tableau!$G$11), "LIBRE", "OCCUPÉ") -> LIBRE | G11: =IF(ISBLANK(Tableau!$I$11), "LIBRE", "OCCUPÉ") -> LIBRE | H11: =IF(ISBLANK(Tableau!$K$11), "LIBRE", "OCCUPÉ") -> LIBRE | I11: =IF(ISBLANK(Tableau!$M$11), "LIBRE", "OCCUPÉ") -> LIBRE | J11: =IF(ISBLANK(Tableau!$O$11), "LIBRE", "OCCUPÉ") -> LIBRE | K11: =IF(ISBLANK(Tableau!$Q$11), "LIBRE", "OCCUPÉ") -> LIBRE | L11: =IF(ISBLANK(Tableau!$S$11), "LIBRE", "OCCUPÉ") -> LIBRE | M11: =IF(ISBLANK(Tableau!$U$11), "LIBRE", "OCCUPÉ") -> LIBRE | N11: =IF(ISBLANK(Tableau!$W$11), "LIBRE", "OCCUPÉ") -> LIBRE | O11: =IF(ISBLANK(Tableau!$Y$11), "LIBRE", "OCCUPÉ") -> LIBRE | P11: =IF(ISBLANK(Tableau!$AA$11), "LIBRE", "OCCUPÉ") -> LIBRE | Q11: =IF(ISBLANK(#REF!), "LIBRE", "OCCUPÉ") -> OCCUPÉ | R11: =IF(ISBLANK(Tableau!$AE$11), "LIBRE", "OCCUPÉ") -> LIBRE | S11: =IF(ISBLANK(Tableau!$AG$11), "LIBRE", "OCCUPÉ") -> LIBRE | T11: =IF(ISBLANK(Tableau!$AI$11), "LIBRE", "OCCUPÉ") -> LIBRE | U11: =IF(ISBLANK(Tableau!$AK$11), "LIBRE", "OCCUPÉ") -> LIBRE | V11: =IF(ISBLANK(Tableau!$AM$11), "LIBRE", "OCCUPÉ") -> LIBRE | W11: =IF(ISBLANK(Tableau!$AO$11), "LIBRE", "OCCUPÉ") -> LIBRE | X11: =IF(ISBLANK(Tableau!$AQ$11), "LIBRE", "OCCUPÉ") -> LIBRE | Y11: =IF(ISBLANK(Tableau!$AS$11), "LIBRE", "OCCUPÉ") -> LIBRE | Z11: =IF(ISBLANK(Tableau!$AU$11), "LIBRE", "OCCUPÉ") -> LIBRE | AA11: =IF(ISBLANK(Tableau!$AW$11), "LIBRE", "OCCUPÉ") -> LIBRE | AB11: =IF(ISBLANK(Tableau!$AY11), "LIBRE", "OCCUPÉ") -> LIBRE
A12: =Tableau!A12 -> 111 | B12: =VLOOKUP($A12,LocalisationRemorque,2,0) -> Beauvechain | C12: =VLOOKUP($A12,LocalisationRemorque,3,0) -> Nodebais | D12: =CONCATENATE(VLOOKUP($A12,LocalisationRemorque,6,0)," ► ",VLOOKUP($A12,LocalisationRemorque,5,0)) -> Éghezée ► Hamme | E12: =IF(ISBLANK(Tableau!$E$12), "LIBRE", "OCCUPÉ") -> OCCUPÉ | F12: =IF(ISBLANK(Tableau!$G$12), "LIBRE", "OCCUPÉ") -> LIBRE | G12: =IF(ISBLANK(Tableau!$I$12), "LIBRE", "OCCUPÉ") -> LIBRE | H12: =IF(ISBLANK(Tableau!$K$12), "LIBRE", "OCCUPÉ") -> LIBRE | I12: =IF(ISBLANK(Tableau!$M$12), "LIBRE", "OCCUPÉ") -> OCCUPÉ | J12: =IF(ISBLANK(Tableau!$O$12), "LIBRE", "OCCUPÉ") -> LIBRE | K12: =IF(ISBLANK(Tableau!$Q$12), "LIBRE", "OCCUPÉ") -> LIBRE | L12: =IF(ISBLANK(Tableau!$S$12), "LIBRE", "OCCUPÉ") -> LIBRE | M12: =IF(ISBLANK(Tableau!$U$12), "LIBRE", "OCCUPÉ") -> LIBRE | N12: =IF(ISBLANK(Tableau!$W$12), "LIBRE", "OCCUPÉ") -> LIBRE | O12: =IF(ISBLANK(Tableau!$Y$12), "LIBRE", "OCCUPÉ") -> OCCUPÉ | P12: =IF(ISBLANK(Tableau!$AA$12), "LIBRE", "OCCUPÉ") -> LIBRE | Q12: =IF(ISBLANK(Tableau!$AC$12), "LIBRE", "OCCUPÉ") -> OCCUPÉ | R12: =IF(ISBLANK(Tableau!$AE$12), "LIBRE", "OCCUPÉ") -> LIBRE | S12: =IF(ISBLANK(Tableau!$AG$12), "LIBRE", "OCCUPÉ") -> LIBRE | T12: =IF(ISBLANK(Tableau!$AI$12), "LIBRE", "OCCUPÉ") -> LIBRE | U12: =IF(ISBLANK(Tableau!$AK$12), "LIBRE", "OCCUPÉ") -> OCCUPÉ | V12: =IF(ISBLANK(Tableau!$AM$12), "LIBRE", "OCCUPÉ") -> LIBRE | W12: =IF(ISBLANK(Tableau!$AO$12), "LIBRE", "OCCUPÉ") -> LIBRE | X12: =IF(ISBLANK(Tableau!$AQ$12), "LIBRE", "OCCUPÉ") -> LIBRE | Y12: =IF(ISBLANK(Tableau!$AS$12), "LIBRE", "OCCUPÉ") -> OCCUPÉ | Z12: =IF(ISBLANK(Tableau!$AU$12), "LIBRE", "OCCUPÉ") -> LIBRE | AA12: =IF(ISBLANK(Tableau!$AW$12), "LIBRE", "OCCUPÉ") -> LIBRE | AB12: =IF(ISBLANK(Tableau!$AY12), "LIBRE", "OCCUPÉ") -> LIBRE
A13: =Tableau!A13 -> 112 | B13: =VLOOKUP($A13,LocalisationRemorque,2,0) -> Incourt | C13: =VLOOKUP($A13,LocalisationRemorque,3,0) -> Incourt | D13: =CONCATENATE(VLOOKUP($A13,LocalisationRemorque,6,0)," ► ",VLOOKUP($A13,LocalisationRemorque,5,0)) -> Louvain ► Éghezée | E13: =IF(ISBLANK(Tableau!$E$13), "LIBRE", "OCCUPÉ") -> LIBRE | F13: =IF(ISBLANK(Tableau!$G$13), "LIBRE", "OCCUPÉ") -> LIBRE | G13: =IF(ISBLANK(Tableau!$I$13), "LIBRE", "OCCUPÉ") -> LIBRE | H13: =IF(ISBLANK(Tableau!$K$13), "LIBRE", "OCCUPÉ") -> LIBRE | I13: =IF(ISBLANK(Tableau!$M$13), "LIBRE", "OCCUPÉ") -> LIBRE | J13: =IF(ISBLANK(Tableau!$O$13), "LIBRE", "OCCUPÉ") -> LIBRE | K13: =IF(ISBLANK(Tableau!$Q$13), "LIBRE", "OCCUPÉ") -> LIBRE | L13: =IF(ISBLANK(Tableau!$S$13), "LIBRE", "OCCUPÉ") -> LIBRE | M13: =IF(ISBLANK(Tableau!$U$13), "LIBRE", "OCCUPÉ") -> LIBRE | N13: =IF(ISBLANK(Tableau!$W$13), "LIBRE", "OCCUPÉ") -> LIBRE | O13: =IF(ISBLANK(Tableau!$Y$13), "LIBRE", "OCCUPÉ") -> LIBRE | P13: =IF(ISBLANK(Tableau!$AA$13), "LIBRE", "OCCUPÉ") -> LIBRE | Q13: =IF(ISBLANK(Tableau!$AC$13), "LIBRE", "OCCUPÉ") -> LIBRE | R13: =IF(ISBLANK(Tableau!$AE$13), "LIBRE", "OCCUPÉ") -> LIBRE | S13: =IF(ISBLANK(Tableau!$AG$13), "LIBRE", "OCCUPÉ") -> LIBRE | T13: =IF(ISBLANK(Tableau!$AI$13), "LIBRE", "OCCUPÉ") -> LIBRE | U13: =IF(ISBLANK(Tableau!$AK$13), "LIBRE", "OCCUPÉ") -> LIBRE | V13: =IF(ISBLANK(Tableau!$AM$13), "LIBRE", "OCCUPÉ") -> LIBRE | W13: =IF(ISBLANK(Tableau!$AO$13), "LIBRE", "OCCUPÉ") -> LIBRE | X13: =IF(ISBLANK(Tableau!$AQ$13), "LIBRE", "OCCUPÉ") -> LIBRE | Y13: =IF(ISBLANK(Tableau!$AS$13), "LIBRE", "OCCUPÉ") -> LIBRE | Z13: =IF(ISBLANK(Tableau!$AU$13), "LIBRE", "OCCUPÉ") -> LIBRE | AA13: =IF(ISBLANK(Tableau!$AW$13), "LIBRE", "OCCUPÉ") -> LIBRE | AB13: =IF(ISBLANK(Tableau!$AY13), "LIBRE", "OCCUPÉ") -> LIBRE
A14: =Tableau!A14 -> 113 | B14: =VLOOKUP($A14,LocalisationRemorque,2,0) -> Perwez | C14: =VLOOKUP($A14,LocalisationRemorque,3,0) -> Perwez | D14: =CONCATENATE(VLOOKUP($A14,LocalisationRemorque,6,0)," ► ",VLOOKUP($A14,LocalisationRemorque,5,0)) -> Jodoigne ► E411 | E14: =IF(ISBLANK(Tableau!$E$14), "LIBRE", "OCCUPÉ") -> LIBRE | F14: =IF(ISBLANK(Tableau!$G$14), "LIBRE", "OCCUPÉ") -> LIBRE | G14: =IF(ISBLANK(Tableau!$I$14), "LIBRE", "OCCUPÉ") -> LIBRE | H14: =IF(ISBLANK(Tableau!$K$14), "LIBRE", "OCCUPÉ") -> LIBRE | I14: =IF(ISBLANK(Tableau!$M$14), "LIBRE", "OCCUPÉ") -> LIBRE | J14: =IF(ISBLANK(Tableau!$O$14), "LIBRE", "OCCUPÉ") -> LIBRE | K14: =IF(ISBLANK(Tableau!$Q$14), "LIBRE", "OCCUPÉ") -> LIBRE | L14: =IF(ISBLANK(Tableau!$S$14), "LIBRE", "OCCUPÉ") -> LIBRE | M14: =IF(ISBLANK(Tableau!$U$14), "LIBRE", "OCCUPÉ") -> LIBRE | N14: =IF(ISBLANK(Tableau!$W$14), "LIBRE", "OCCUPÉ") -> LIBRE | O14: =IF(ISBLANK(Tableau!$Y$14), "LIBRE", "OCCUPÉ") -> LIBRE | P14: =IF(ISBLANK(Tableau!$AA$14), "LIBRE", "OCCUPÉ") -> LIBRE | Q14: =IF(ISBLANK(Tableau!$AC$14), "LIBRE", "OCCUPÉ") -> LIBRE | R14: =IF(ISBLANK(Tableau!$AE$14), "LIBRE", "OCCUPÉ") -> LIBRE | S14: =IF(ISBLANK(Tableau!$AG$14), "LIBRE", "OCCUPÉ") -> LIBRE | T14: =IF(ISBLANK(Tableau!$AI$14), "LIBRE", "OCCUPÉ") -> LIBRE | U14: =IF(ISBLANK(Tableau!$AK$14), "LIBRE", "OCCUPÉ") -> LIBRE | V14: =IF(ISBLANK(Tableau!$AM$14), "LIBRE", "OCCUPÉ") -> LIBRE | W14: =IF(ISBLANK(Tableau!$AO$14), "LIBRE", "OCCUPÉ") -> LIBRE | X14: =IF(ISBLANK(Tableau!$AQ$14), "LIBRE", "OCCUPÉ") -> LIBRE | Y14: =IF(ISBLANK(Tableau!$AS$14), "LIBRE", "OCCUPÉ") -> LIBRE | Z14: =IF(ISBLANK(Tableau!$AU$14), "LIBRE", "OCCUPÉ") -> LIBRE | AA14: =IF(ISBLANK(Tableau!$AW$14), "LIBRE", "OCCUPÉ") -> LIBRE | AB14: =IF(ISBLANK(Tableau!$AY14), "LIBRE", "OCCUPÉ") -> LIBRE
A15: =Tableau!A15 -> 114
A16: =Tableau!A16 | AB16: =IF(ISBLANK(Tableau!$AY16), "LIBRE", "OCCUPÉ") -> LIBRE
A17: =Tableau!A17 | AB17: =IF(ISBLANK(Tableau!$AY17), "LIBRE", "OCCUPÉ") -> LIBRE
A18: =Tableau!A18 | AB18: =IF(ISBLANK(Tableau!$AY18), "LIBRE", "OCCUPÉ") -> LIBRE
A19: =Tableau!A19 | AB19: =IF(ISBLANK(Tableau!$AY19), "LIBRE", "OCCUPÉ") -> LIBRE
A20: =Tableau!A20 | AB20: =IF(ISBLANK(Tableau!$AY20), "LIBRE", "OCCUPÉ") -> LIBRE
A21: =Tableau!A21 | AB21: =IF(ISBLANK(Tableau!$AY21), "LIBRE", "OCCUPÉ") -> LIBRE
A22: =Tableau!A22 | AB22: =IF(ISBLANK(Tableau!$AY22), "LIBRE", "OCCUPÉ") -> LIBRE
A23: =Tableau!A23 | AB23: =IF(ISBLANK(Tableau!$AY23), "LIBRE", "OCCUPÉ") -> LIBRE
A24: =Tableau!A24 | AB24: =IF(ISBLANK(Tableau!$AY24), "LIBRE", "OCCUPÉ") -> LIBRE
A25: =Tableau!A25 | AB25: =IF(ISBLANK(Tableau!$AY25), "LIBRE", "OCCUPÉ") -> LIBRE
A26: =Tableau!A26 -> 201 | B26: =VLOOKUP($A26,LocalisationRemorque,2,0) -> Hannut | C26: =VLOOKUP($A26,LocalisationRemorque,3,0) -> Hannut-Saint Trond | D26: =CONCATENATE(VLOOKUP($A26,LocalisationRemorque,6,0)," ► ",VLOOKUP($A26,LocalisationRemorque,5,0)) -> Hannut ► Saint-Trond | E26: =IF(ISBLANK(Tableau!$E$26), "LIBRE", "OCCUPÉ") -> LIBRE | F26: =IF(ISBLANK(Tableau!$G$26), "LIBRE", "OCCUPÉ") -> LIBRE | G26: =IF(ISBLANK(Tableau!$I$26), "LIBRE", "OCCUPÉ") -> LIBRE | H26: =IF(ISBLANK(Tableau!$K$26), "LIBRE", "OCCUPÉ") -> LIBRE | I26: =IF(ISBLANK(Tableau!$M$26), "LIBRE", "OCCUPÉ") -> LIBRE | J26: =IF(ISBLANK(Tableau!$O$26), "LIBRE", "OCCUPÉ") -> LIBRE | K26: =IF(ISBLANK(Tableau!$Q$26), "LIBRE", "OCCUPÉ") -> LIBRE | L26: =IF(ISBLANK(Tableau!$S$26), "LIBRE", "OCCUPÉ") -> LIBRE | M26: =IF(ISBLANK(Tableau!$U$26), "LIBRE", "OCCUPÉ") -> LIBRE | N26: =IF(ISBLANK(Tableau!$W$26), "LIBRE", "OCCUPÉ") -> LIBRE | O26: =IF(ISBLANK(Tableau!$Y$26), "LIBRE", "OCCUPÉ") -> LIBRE | P26: =IF(ISBLANK(Tableau!$AA$26), "LIBRE", "OCCUPÉ") -> LIBRE | Q26: =IF(ISBLANK(Tableau!$AC$26), "LIBRE", "OCCUPÉ") -> LIBRE | R26: =IF(ISBLANK(Tableau!$AE$26), "LIBRE", "OCCUPÉ") -> LIBRE | S26: =IF(ISBLANK(Tableau!$AG$26), "LIBRE", "OCCUPÉ") -> LIBRE | T26: =IF(ISBLANK(Tableau!$AI$26), "LIBRE", "OCCUPÉ") -> LIBRE | U26: =IF(ISBLANK(Tableau!$AK$26), "LIBRE", "OCCUPÉ") -> LIBRE | V26: =IF(ISBLANK(Tableau!$AM$26), "LIBRE", "OCCUPÉ") -> LIBRE | W26: =IF(ISBLANK(Tableau!$AO$26), "LIBRE", "OCCUPÉ") -> LIBRE | X26: =IF(ISBLANK(Tableau!$AQ$26), "LIBRE", "OCCUPÉ") -> LIBRE | Y26: =IF(ISBLANK(Tableau!$AS$26), "LIBRE", "OCCUPÉ") -> LIBRE | Z26: =IF(ISBLANK(Tableau!$AU$26), "LIBRE", "OCCUPÉ") -> LIBRE | AA26: =IF(ISBLANK(Tableau!$AW$26), "LIBRE", "OCCUPÉ") -> LIBRE | AB26: =IF(ISBLANK(Tableau!$AY26), "LIBRE", "OCCUPÉ") -> LIBRE
